#
# There is insufficient memory for the Java Runtime Environment to continue.
# Native memory allocation (malloc) failed to allocate 4624176 bytes. Error detail: Chunk::new
# Possible reasons:
#   The system is out of physical RAM or swap space
#   This process is running with CompressedOops enabled, and the Java Heap may be blocking the growth of the native heap
# Possible solutions:
#   Reduce memory load on the system
#   Increase physical memory or swap space
#   Check if swap backing store is full
#   Decrease Java heap size (-Xmx/-Xms)
#   Decrease number of Java threads
#   Decrease Java thread stack sizes (-Xss)
#   Set larger code cache with -XX:ReservedCodeCacheSize=
#   JVM is running with Zero Based Compressed Oops mode in which the Java heap is
#     placed in the first 32GB address space. The Java Heap base address is the
#     maximum limit for the native heap growth. Please use -XX:HeapBaseMinAddress
#     to set the Java Heap base and to place the Java Heap above 32GB virtual address.
# This output file may be truncated or incomplete.
#
#  Out of Memory Error (arena.cpp:191), pid=18084, tid=16044
#
# JRE version: OpenJDK Runtime Environment Microsoft-11369865 (17.0.15+6) (build 17.0.15+6-LTS)
# Java VM: OpenJDK 64-Bit Server VM Microsoft-11369865 (17.0.15+6-LTS, mixed mode, tiered, compressed oops, compressed class ptrs, g1 gc, windows-amd64)
# No core dump will be written. Minidumps are not enabled by default on client versions of Windows
#

---------------  S U M M A R Y ------------

Command Line: -XX:+UseG1GC -XX:-UseAdaptiveSizePolicy -XX:-OmitStackTraceInFastThrow -Djdk.lang.Process.allowAmbiguousCommands=true -Dfml.ignoreInvalidMinecraftCertificates=True -Dfml.ignorePatchDiscrepancies=True -Dlog4j2.formatMsgNoLookups=true -XX:HeapDumpPath=MojangTricksIntelDriversForPerformance_javaw.exe_minecraft.exe.heapdump -Djava.library.path=C:\Users\Morty Tang\Desktop\Physics\杂物\PCL\.minecraft\versions\Everything Tinkering\Everything Tinkering-natives -Djna.tmpdir=C:\Users\Morty Tang\Desktop\Physics\杂物\PCL\.minecraft\versions\Everything Tinkering\Everything Tinkering-natives -Dorg.lwjgl.system.SharedLibraryExtractPath=C:\Users\Morty Tang\Desktop\Physics\杂物\PCL\.minecraft\versions\Everything Tinkering\Everything Tinkering-natives -Dio.netty.native.workdir=C:\Users\Morty Tang\Desktop\Physics\杂物\PCL\.minecraft\versions\Everything Tinkering\Everything Tinkering-natives -Dminecraft.launcher.brand=PCL -Dminecraft.launcher.version=357 -Djava.net.preferIPv6Addresses=system -DignoreList=bootstraplauncher,securejarhandler,asm-commons,asm-util,asm-analysis,asm-tree,asm,JarJarFileSystems,events-47.2.2.jar,core-47.2.2.jar,language-java,language-lowcode,language-minecraft,client-extra,forge-,Everything Tinkering.jar -DmergeModules=jna-5.10.0.jar,jna-platform-5.10.0.jar -Dfml.pluginLayerLibraries=core-47.2.2.jar,language-java-47.2.2.jar,language-lowcode-47.2.2.jar,language-minecraft-47.2.2.jar -Dfml.gameLayerLibraries=events-47.2.2.jar -DlibraryDirectory=C:\Users\Morty Tang\Desktop\Physics\杂物\PCL\.minecraft\libraries --module-path=C:\Users\Morty Tang\Desktop\Physics\杂物\PCL\.minecraft\libraries/cpw/mods/bootstraplauncher/1.1.2/bootstraplauncher-1.1.2.jar;C:\Users\Morty Tang\Desktop\Physics\杂物\PCL\.minecraft\libraries/cpw/mods/securejarhandler/2.1.10/securejarhandler-2.1.10.jar;C:\Users\Morty Tang\Desktop\Physics\杂物\PCL\.minecraft\libraries/org/ow2/asm/asm-commons/9.5/asm-commons-9.5.jar;C:\Users\Morty Tang\Desktop\Physics\杂物\PCL\.minecraft\libraries/org/ow2/asm/asm-util/9.5/asm-util-9.5.jar;C:\Users\Morty Tang\Desktop\Physics\杂物\PCL\.minecraft\libraries/org/ow2/asm/asm-analysis/9.5/asm-analysis-9.5.jar;C:\Users\Morty Tang\Desktop\Physics\杂物\PCL\.minecraft\libraries/org/ow2/asm/asm-tree/9.5/asm-tree-9.5.jar;C:\Users\Morty Tang\Desktop\Physics\杂物\PCL\.minecraft\libraries/org/ow2/asm/asm/9.5/asm-9.5.jar;C:\Users\Morty Tang\Desktop\Physics\杂物\PCL\.minecraft\libraries/net/minecraftforge/JarJarFileSystems/0.3.19/JarJarFileSystems-0.3.19.jar --add-modules=ALL-MODULE-PATH --add-opens=java.base/java.util.jar=cpw.mods.securejarhandler --add-opens=java.base/java.lang.invoke=cpw.mods.securejarhandler --add-exports=java.base/sun.security.util=cpw.mods.securejarhandler --add-exports=jdk.naming.dns/com.sun.jndi.dns=java.naming -Xmn491m -Xmx3276m --add-exports=cpw.mods.bootstraplauncher/cpw.mods.bootstraplauncher=ALL-UNNAMED -Doolloo.jlw.tmpdir=C:\Users\Morty Tang\AppData\Roaming\PCL C:\Users\Morty Tang\AppData\Roaming\PCL\JavaWrapper.jar cpw.mods.bootstraplauncher.BootstrapLauncher --username Morty --version Everything Tinkering --gameDir C:\Users\Morty Tang\Desktop\Physics\杂物\PCL\.minecraft\versions\Everything Tinkering --assetsDir C:\Users\Morty Tang\Desktop\Physics\杂物\PCL\.minecraft\assets --assetIndex 5 --uuid 0000000000003005998F5030983141B7 --accessToken 0000000000003005998F5030983141B7 --clientId ${clientid} --xuid ${auth_xuid} --userType msa --versionType PCL --width 875 --height 540 --launchTarget forgeclient --fml.forgeVersion 47.1.106 --fml.fmlVersion 47.2.2 --fml.mcVersion 1.20.1 --fml.mcpVersion 20230612.114412 -Dstdout.encoding=UTF-8 -Dstderr.encoding=UTF-8

Host: Intel(R) Core(TM) i7-5600U CPU @ 2.60GHz, 4 cores, 7G,  Windows 10 , 64 bit Build 17763 (10.0.17763.7009)
Time: Tue Jul 15 19:38:14 2025 中国标准时间 elapsed time: 299.351238 seconds (0d 0h 4m 59s)

---------------  T H R E A D  ---------------

Current thread (0x000001d1a8cbd6e0):  JavaThread "C2 CompilerThread0" daemon [_thread_in_native, id=16044, stack(0x000000bf62d00000,0x000000bf62e00000)]


Current CompileTask:
C2: 299351 38062   !   4       dev.latvian.mods.rhino.Interpreter::interpretLoop (6233 bytes)

Stack: [0x000000bf62d00000,0x000000bf62e00000]
Native frames: (J=compiled Java code, j=interpreted, Vv=VM code, C=native code)
V  [jvm.dll+0x6887a9]
V  [jvm.dll+0x83f5a8]
V  [jvm.dll+0x841053]
V  [jvm.dll+0x8416c3]
V  [jvm.dll+0x2496ef]
V  [jvm.dll+0xad134]
V  [jvm.dll+0xad7cc]
V  [jvm.dll+0x36aedf]
V  [jvm.dll+0x335513]
V  [jvm.dll+0x3349aa]
V  [jvm.dll+0x21a908]
V  [jvm.dll+0x219d3f]
V  [jvm.dll+0x1a55f6]
V  [jvm.dll+0x22a39a]
V  [jvm.dll+0x2284db]
V  [jvm.dll+0x7f4e28]
V  [jvm.dll+0x7ef2dc]
V  [jvm.dll+0x687687]
C  [ucrtbase.dll+0x2268a]
C  [KERNEL32.DLL+0x17ac4]
C  [ntdll.dll+0x5a8c1]


---------------  P R O C E S S  ---------------

Threads class SMR info:
_java_thread_list=0x000001d1af3f3ed0, length=42, elements={
0x000001d18c4d52f0, 0x000001d1a8c45870, 0x000001d1a8c46680, 0x000001d1a8c70170,
0x000001d1a8c71a50, 0x000001d1a8c72320, 0x000001d1a8c72bf0, 0x000001d1a8cbd6e0,
0x000001d1a8d2e810, 0x000001d1a8d30d40, 0x000001d1a8d8a010, 0x000001d1a8e9b440,
0x000001d1b05ebd50, 0x000001d1b05ea910, 0x000001d1b05e8fc0, 0x000001d1b05efa10,
0x000001d1b05e9ef0, 0x000001d1b05e99e0, 0x000001d1b05ec260, 0x000001d1b05eb840,
0x000001d1b05e8090, 0x000001d1b05ee5d0, 0x000001d1b05eeff0, 0x000001d23b6f54b0,
0x000001d23b6f9680, 0x000001d23b6fa0a0, 0x000001d23b6f63e0, 0x000001d243eabfa0,
0x000001d243eb10a0, 0x000001d243eae310, 0x000001d243eab580, 0x000001d243eb24e0,
0x000001d23b6f8c60, 0x000001d1b05ed6a0, 0x000001d1add619b0, 0x000001d1ae8b2d30,
0x000001d1ae8b55b0, 0x000001d1ae8b2310, 0x000001d1ae8b18f0, 0x000001d1ae8b64e0,
0x000001d2868b3c50, 0x000001d294e36c20
}

Java Threads: ( => current thread )
  0x000001d18c4d52f0 JavaThread "Render thread" [_thread_in_vm, id=17556, stack(0x000000bf62000000,0x000000bf62100000)]
  0x000001d1a8c45870 JavaThread "Reference Handler" daemon [_thread_blocked, id=16760, stack(0x000000bf62700000,0x000000bf62800000)]
  0x000001d1a8c46680 JavaThread "Finalizer" daemon [_thread_blocked, id=14008, stack(0x000000bf62800000,0x000000bf62900000)]
  0x000001d1a8c70170 JavaThread "Signal Dispatcher" daemon [_thread_blocked, id=8956, stack(0x000000bf62900000,0x000000bf62a00000)]
  0x000001d1a8c71a50 JavaThread "Attach Listener" daemon [_thread_blocked, id=15892, stack(0x000000bf62a00000,0x000000bf62b00000)]
  0x000001d1a8c72320 JavaThread "Service Thread" daemon [_thread_blocked, id=13328, stack(0x000000bf62b00000,0x000000bf62c00000)]
  0x000001d1a8c72bf0 JavaThread "Monitor Deflation Thread" daemon [_thread_blocked, id=18372, stack(0x000000bf62c00000,0x000000bf62d00000)]
=>0x000001d1a8cbd6e0 JavaThread "C2 CompilerThread0" daemon [_thread_in_native, id=16044, stack(0x000000bf62d00000,0x000000bf62e00000)]
  0x000001d1a8d2e810 JavaThread "C1 CompilerThread0" daemon [_thread_blocked, id=1428, stack(0x000000bf62e00000,0x000000bf62f00000)]
  0x000001d1a8d30d40 JavaThread "Sweeper thread" daemon [_thread_blocked, id=11564, stack(0x000000bf62f00000,0x000000bf63000000)]
  0x000001d1a8d8a010 JavaThread "Common-Cleaner" daemon [_thread_blocked, id=17988, stack(0x000000bf63000000,0x000000bf63100000)]
  0x000001d1a8e9b440 JavaThread "Notification Thread" daemon [_thread_blocked, id=15972, stack(0x000000bf63100000,0x000000bf63200000)]
  0x000001d1b05ebd50 JavaThread "HttpClient-1-SelectorManager" daemon [_thread_in_native, id=204, stack(0x000000bf64300000,0x000000bf64400000)]
  0x000001d1b05ea910 JavaThread "JNA Cleaner" daemon [_thread_blocked, id=5720, stack(0x000000bf64400000,0x000000bf64500000)]
  0x000001d1b05e8fc0 JavaThread "Timer hack thread" daemon [_thread_blocked, id=9488, stack(0x000000bf64600000,0x000000bf64700000)]
  0x000001d1b05efa10 JavaThread "Yggdrasil Key Fetcher" daemon [_thread_blocked, id=17624, stack(0x000000bf64700000,0x000000bf64800000)]
  0x000001d1b05e9ef0 JavaThread "Cleaner-0" daemon [_thread_blocked, id=17792, stack(0x000000bf64a00000,0x000000bf64b00000)]
  0x000001d1b05e99e0 JavaThread "modloading-worker-0" daemon [_thread_blocked, id=14644, stack(0x000000bf64100000,0x000000bf64200000)]
  0x000001d1b05ec260 JavaThread "FileSystemWatchService" daemon [_thread_in_native, id=14320, stack(0x000000bf64c00000,0x000000bf64d00000)]
  0x000001d1b05eb840 JavaThread "KubeJS Background Thread" daemon [_thread_blocked, id=17812, stack(0x000000bf64d00000,0x000000bf64e00000)]
  0x000001d1b05e8090 JavaThread "pool-10-thread-1" [_thread_blocked, id=17312, stack(0x000000bf64e00000,0x000000bf64f00000)]
  0x000001d1b05ee5d0 JavaThread "pool-12-thread-1" [_thread_blocked, id=16108, stack(0x000000bf65000000,0x000000bf65100000)]
  0x000001d1b05eeff0 JavaThread "JEI Config File Watcher" daemon [_thread_blocked, id=14100, stack(0x000000bf65100000,0x000000bf65200000)]
  0x000001d23b6f54b0 JavaThread "Worker-Main-2" daemon [_thread_blocked, id=15040, stack(0x000000bf65500000,0x000000bf65600000)]
  0x000001d23b6f9680 JavaThread "Worker-Main-3" daemon [_thread_blocked, id=17504, stack(0x000000bf65600000,0x000000bf65700000)]
  0x000001d23b6fa0a0 JavaThread "Thread-3" daemon [_thread_blocked, id=16056, stack(0x000000bf65700000,0x000000bf65800000)]
  0x000001d23b6f63e0 JavaThread "FileSystemWatchService" daemon [_thread_in_native, id=6140, stack(0x000000bf65800000,0x000000bf65900000)]
  0x000001d243eabfa0 JavaThread "Cleaner-1" daemon [_thread_blocked, id=3784, stack(0x000000bf65f00000,0x000000bf66000000)]
  0x000001d243eb10a0 JavaThread "pool-11-thread-1" [_thread_blocked, id=14732, stack(0x000000bf65e00000,0x000000bf65f00000)]
  0x000001d243eae310 JavaThread "KubeJS Recipe Event Worker 0" daemon [_thread_blocked, id=5412, stack(0x000000bf66100000,0x000000bf66200000)]
  0x000001d243eab580 JavaThread "Server thread" [_thread_in_Java, id=15676, stack(0x000000bf65300000,0x000000bf65400000)]
  0x000001d243eb24e0 JavaThread "FileSystemWatchService" daemon [_thread_in_native, id=17076, stack(0x000000bf66300000,0x000000bf66400000)]
  0x000001d23b6f8c60 JavaThread "IO-Worker-6" [_thread_blocked, id=15148, stack(0x000000bf64900000,0x000000bf64a00000)]
  0x000001d1b05ed6a0 JavaThread "Java2D Disposer" daemon [_thread_blocked, id=10120, stack(0x000000bf63900000,0x000000bf63a00000)]
  0x000001d1add619b0 JavaThread "Netty Server IO #0" daemon [_thread_in_native, id=14660, stack(0x000000bf66700000,0x000000bf66800000)]
  0x000001d1ae8b2d30 JavaThread "Netty Local Client IO #0" daemon [_thread_blocked, id=6844, stack(0x000000bf61d00000,0x000000bf61e00000)]
  0x000001d1ae8b55b0 JavaThread "Netty Server IO #1" daemon [_thread_in_native, id=6456, stack(0x000000bf61e00000,0x000000bf61f00000)]
  0x000001d1ae8b2310 JavaThread "Sound engine" daemon [_thread_blocked, id=18240, stack(0x000000bf61f00000,0x000000bf62000000)]
  0x000001d1ae8b18f0 JavaThread "Flywheel Task Executor #0" [_thread_blocked, id=12580, stack(0x000000bf63700000,0x000000bf63800000)]
  0x000001d1ae8b64e0 JavaThread "ForkJoinPool.commonPool-worker-2" daemon [_thread_blocked, id=16196, stack(0x000000bf66900000,0x000000bf66a00000)]
  0x000001d2868b3c50 JavaThread "Worker-Main-8" daemon [_thread_blocked, id=13412, stack(0x000000bf63a00000,0x000000bf63b00000)]
  0x000001d294e36c20 JavaThread "C2 CompilerThread1" daemon [_thread_in_native, id=16424, stack(0x000000bf63d00000,0x000000bf63e00000)]

Other Threads:
  0x000001d1a8c40640 VMThread "VM Thread" [stack: 0x000000bf62600000,0x000000bf62700000] [id=2908]
  0x000001d1a8e9b920 WatcherThread [stack: 0x000000bf63200000,0x000000bf63300000] [id=3992]
  0x000001d18c533260 GCTaskThread "GC Thread#0" [stack: 0x000000bf62100000,0x000000bf62200000] [id=14156]
  0x000001d1aed2c680 GCTaskThread "GC Thread#1" [stack: 0x000000bf63400000,0x000000bf63500000] [id=13928]
  0x000001d1ae2d2740 GCTaskThread "GC Thread#2" [stack: 0x000000bf63500000,0x000000bf63600000] [id=16592]
  0x000001d1ae2d2a00 GCTaskThread "GC Thread#3" [stack: 0x000000bf63600000,0x000000bf63700000] [id=17864]
  0x000001d18c541840 ConcurrentGCThread "G1 Main Marker" [stack: 0x000000bf62200000,0x000000bf62300000] [id=15760]
  0x000001d18c543080 ConcurrentGCThread "G1 Conc#0" [stack: 0x000000bf62300000,0x000000bf62400000] [id=14216]
  0x000001d18c56e220 ConcurrentGCThread "G1 Refine#0" [stack: 0x000000bf62400000,0x000000bf62500000] [id=17048]
  0x000001d1af21c800 ConcurrentGCThread "G1 Refine#1" [stack: 0x000000bf63f00000,0x000000bf64000000] [id=2296]
  0x000001d23a6d5c20 ConcurrentGCThread "G1 Refine#2" [stack: 0x000000bf64f00000,0x000000bf65000000] [id=1536]
  0x000001d23a6d4790 ConcurrentGCThread "G1 Refine#3" [stack: 0x000000bf63e00000,0x000000bf63f00000] [id=17600]
  0x000001d18c56ea60 ConcurrentGCThread "G1 Service" [stack: 0x000000bf62500000,0x000000bf62600000] [id=1412]

Threads with active compile tasks:
C2 CompilerThread0   299441 38062   !   4       dev.latvian.mods.rhino.Interpreter::interpretLoop (6233 bytes)
C2 CompilerThread1   299441 38201       4       net.minecraft.network.Connection::m_243087_ (54 bytes)

VM state: not at safepoint (normal execution)

VM Mutex/Monitor currently owned by a thread: None

Heap address: 0x0000000733400000, size: 3276 MB, Compressed Oops mode: Zero based, Oop shift amount: 3

CDS archive(s) not mapped
Compressed class space mapped at: 0x0000000800000000-0x0000000840000000, reserved size: 1073741824
Narrow klass base: 0x0000000800000000, Narrow klass shift: 0, Narrow klass range: 0x40000000

GC Precious Log:
 CPUs: 4 total, 4 available
 Memory: 7872M
 Large Page Support: Disabled
 NUMA Support: Disabled
 Compressed Oops: Enabled (Zero based)
 Heap Region Size: 2M
 Heap Min Capacity: 498M
 Heap Initial Capacity: 498M
 Heap Max Capacity: 3276M
 Pre-touch: Disabled
 Parallel Workers: 4
 Concurrent Workers: 1
 Concurrent Refinement Workers: 4
 Periodic GC: Disabled

Heap:
 garbage-first heap   total 2560000K, used 1825812K [0x0000000733400000, 0x0000000800000000)
  region size 2048K, 244 young (499712K), 15 survivors (30720K)
 Metaspace       used 202744K, committed 204928K, reserved 1245184K
  class space    used 30310K, committed 31296K, reserved 1048576K

Heap Regions: E=young(eden), S=young(survivor), O=old, HS=humongous(starts), HC=humongous(continues), CS=collection set, F=free, OA=open archive, CA=closed archive, TAMS=top-at-mark-start (previous, next)
|   0|0x0000000733400000, 0x0000000733600000, 0x0000000733600000|100%|HS|  |TAMS 0x0000000733600000, 0x0000000733400000| Complete 
|   1|0x0000000733600000, 0x0000000733800000, 0x0000000733800000|100%|HS|  |TAMS 0x0000000733800000, 0x0000000733600000| Complete 
|   2|0x0000000733800000, 0x0000000733a00000, 0x0000000733a00000|100%|HS|  |TAMS 0x0000000733a00000, 0x0000000733800000| Complete 
|   3|0x0000000733a00000, 0x0000000733c00000, 0x0000000733c00000|100%|HS|  |TAMS 0x0000000733c00000, 0x0000000733a00000| Complete 
|   4|0x0000000733c00000, 0x0000000733e00000, 0x0000000733e00000|100%|HS|  |TAMS 0x0000000733e00000, 0x0000000733c00000| Complete 
|   5|0x0000000733e00000, 0x0000000734000000, 0x0000000734000000|100%|HS|  |TAMS 0x0000000734000000, 0x0000000733e00000| Complete 
|   6|0x0000000734000000, 0x0000000734200000, 0x0000000734200000|100%|HS|  |TAMS 0x0000000734200000, 0x0000000734000000| Complete 
|   7|0x0000000734200000, 0x0000000734400000, 0x0000000734400000|100%|HC|  |TAMS 0x0000000734400000, 0x0000000734200000| Complete 
|   8|0x0000000734400000, 0x0000000734600000, 0x0000000734600000|100%|HS|  |TAMS 0x0000000734600000, 0x0000000734400000| Complete 
|   9|0x0000000734600000, 0x0000000734800000, 0x0000000734800000|100%|HC|  |TAMS 0x0000000734800000, 0x0000000734600000| Complete 
|  10|0x0000000734800000, 0x0000000734a00000, 0x0000000734a00000|100%|HS|  |TAMS 0x0000000734a00000, 0x0000000734800000| Complete 
|  11|0x0000000734a00000, 0x0000000734c00000, 0x0000000734c00000|100%|HS|  |TAMS 0x0000000734c00000, 0x0000000734a00000| Complete 
|  12|0x0000000734c00000, 0x0000000734e00000, 0x0000000734e00000|100%|HC|  |TAMS 0x0000000734e00000, 0x0000000734c00000| Complete 
|  13|0x0000000734e00000, 0x0000000735000000, 0x0000000735000000|100%|HC|  |TAMS 0x0000000735000000, 0x0000000734e00000| Complete 
|  14|0x0000000735000000, 0x0000000735200000, 0x0000000735200000|100%|HC|  |TAMS 0x0000000735200000, 0x0000000735000000| Complete 
|  15|0x0000000735200000, 0x0000000735400000, 0x0000000735400000|100%|HC|  |TAMS 0x0000000735400000, 0x0000000735200000| Complete 
|  16|0x0000000735400000, 0x0000000735600000, 0x0000000735600000|100%|HC|  |TAMS 0x0000000735600000, 0x0000000735400000| Complete 
|  17|0x0000000735600000, 0x0000000735800000, 0x0000000735800000|100%| O|  |TAMS 0x0000000735800000, 0x0000000735600000| Untracked 
|  18|0x0000000735800000, 0x0000000735a00000, 0x0000000735a00000|100%| O|  |TAMS 0x0000000735a00000, 0x0000000735800000| Untracked 
|  19|0x0000000735a00000, 0x0000000735c00000, 0x0000000735c00000|100%| O|  |TAMS 0x0000000735c00000, 0x0000000735a00000| Untracked 
|  20|0x0000000735c00000, 0x0000000735e00000, 0x0000000735e00000|100%| O|  |TAMS 0x0000000735e00000, 0x0000000735c00000| Untracked 
|  21|0x0000000735e00000, 0x0000000736000000, 0x0000000736000000|100%| O|  |TAMS 0x0000000736000000, 0x0000000735e00000| Untracked 
|  22|0x0000000736000000, 0x0000000736200000, 0x0000000736200000|100%| O|  |TAMS 0x0000000736200000, 0x0000000736000000| Untracked 
|  23|0x0000000736200000, 0x0000000736400000, 0x0000000736400000|100%| O|  |TAMS 0x0000000736400000, 0x0000000736200000| Untracked 
|  24|0x0000000736400000, 0x0000000736600000, 0x0000000736600000|100%| O|  |TAMS 0x0000000736600000, 0x0000000736400000| Untracked 
|  25|0x0000000736600000, 0x0000000736800000, 0x0000000736800000|100%| O|  |TAMS 0x0000000736800000, 0x0000000736600000| Untracked 
|  26|0x0000000736800000, 0x0000000736a00000, 0x0000000736a00000|100%| O|  |TAMS 0x0000000736a00000, 0x0000000736800000| Untracked 
|  27|0x0000000736a00000, 0x0000000736c00000, 0x0000000736c00000|100%| O|  |TAMS 0x0000000736c00000, 0x0000000736a00000| Untracked 
|  28|0x0000000736c00000, 0x0000000736e00000, 0x0000000736e00000|100%| O|  |TAMS 0x0000000736e00000, 0x0000000736c00000| Untracked 
|  29|0x0000000736e00000, 0x0000000737000000, 0x0000000737000000|100%| O|  |TAMS 0x0000000737000000, 0x0000000736e00000| Untracked 
|  30|0x0000000737000000, 0x0000000737200000, 0x0000000737200000|100%| O|  |TAMS 0x0000000737200000, 0x0000000737000000| Untracked 
|  31|0x0000000737200000, 0x0000000737400000, 0x0000000737400000|100%| O|  |TAMS 0x0000000737400000, 0x0000000737200000| Untracked 
|  32|0x0000000737400000, 0x0000000737600000, 0x0000000737600000|100%| O|  |TAMS 0x0000000737600000, 0x0000000737400000| Untracked 
|  33|0x0000000737600000, 0x0000000737800000, 0x0000000737800000|100%| O|  |TAMS 0x0000000737800000, 0x0000000737600000| Untracked 
|  34|0x0000000737800000, 0x0000000737a00000, 0x0000000737a00000|100%| O|  |TAMS 0x0000000737a00000, 0x0000000737800000| Untracked 
|  35|0x0000000737a00000, 0x0000000737c00000, 0x0000000737c00000|100%| O|  |TAMS 0x0000000737c00000, 0x0000000737a00000| Untracked 
|  36|0x0000000737c00000, 0x0000000737e00000, 0x0000000737e00000|100%| O|  |TAMS 0x0000000737e00000, 0x0000000737c00000| Untracked 
|  37|0x0000000737e00000, 0x0000000738000000, 0x0000000738000000|100%| O|  |TAMS 0x0000000738000000, 0x0000000737e00000| Untracked 
|  38|0x0000000738000000, 0x0000000738200000, 0x0000000738200000|100%| O|  |TAMS 0x0000000738200000, 0x0000000738000000| Untracked 
|  39|0x0000000738200000, 0x0000000738400000, 0x0000000738400000|100%| O|  |TAMS 0x0000000738400000, 0x0000000738200000| Untracked 
|  40|0x0000000738400000, 0x0000000738600000, 0x0000000738600000|100%| O|  |TAMS 0x0000000738600000, 0x0000000738400000| Untracked 
|  41|0x0000000738600000, 0x0000000738800000, 0x0000000738800000|100%| O|  |TAMS 0x0000000738800000, 0x0000000738600000| Untracked 
|  42|0x0000000738800000, 0x0000000738a00000, 0x0000000738a00000|100%| O|  |TAMS 0x0000000738a00000, 0x0000000738800000| Untracked 
|  43|0x0000000738a00000, 0x0000000738c00000, 0x0000000738c00000|100%| O|  |TAMS 0x0000000738c00000, 0x0000000738a00000| Untracked 
|  44|0x0000000738c00000, 0x0000000738e00000, 0x0000000738e00000|100%| O|  |TAMS 0x0000000738e00000, 0x0000000738c00000| Untracked 
|  45|0x0000000738e00000, 0x0000000739000000, 0x0000000739000000|100%| O|  |TAMS 0x0000000739000000, 0x0000000738e00000| Untracked 
|  46|0x0000000739000000, 0x0000000739200000, 0x0000000739200000|100%| O|  |TAMS 0x0000000739200000, 0x0000000739000000| Untracked 
|  47|0x0000000739200000, 0x0000000739400000, 0x0000000739400000|100%| O|  |TAMS 0x0000000739400000, 0x0000000739200000| Untracked 
|  48|0x0000000739400000, 0x0000000739600000, 0x0000000739600000|100%| O|  |TAMS 0x0000000739600000, 0x0000000739400000| Untracked 
|  49|0x0000000739600000, 0x0000000739800000, 0x0000000739800000|100%| O|  |TAMS 0x0000000739800000, 0x0000000739600000| Untracked 
|  50|0x0000000739800000, 0x0000000739a00000, 0x0000000739a00000|100%| O|  |TAMS 0x0000000739a00000, 0x0000000739800000| Untracked 
|  51|0x0000000739a00000, 0x0000000739c00000, 0x0000000739c00000|100%| O|  |TAMS 0x0000000739c00000, 0x0000000739a00000| Untracked 
|  52|0x0000000739c00000, 0x0000000739e00000, 0x0000000739e00000|100%| O|  |TAMS 0x0000000739e00000, 0x0000000739c00000| Untracked 
|  53|0x0000000739e00000, 0x000000073a000000, 0x000000073a000000|100%| O|  |TAMS 0x000000073a000000, 0x0000000739e00000| Untracked 
|  54|0x000000073a000000, 0x000000073a200000, 0x000000073a200000|100%| O|  |TAMS 0x000000073a200000, 0x000000073a000000| Untracked 
|  55|0x000000073a200000, 0x000000073a400000, 0x000000073a400000|100%| O|  |TAMS 0x000000073a400000, 0x000000073a200000| Untracked 
|  56|0x000000073a400000, 0x000000073a600000, 0x000000073a600000|100%| O|  |TAMS 0x000000073a600000, 0x000000073a400000| Untracked 
|  57|0x000000073a600000, 0x000000073a800000, 0x000000073a800000|100%| O|  |TAMS 0x000000073a800000, 0x000000073a600000| Untracked 
|  58|0x000000073a800000, 0x000000073aa00000, 0x000000073aa00000|100%| O|  |TAMS 0x000000073aa00000, 0x000000073a800000| Untracked 
|  59|0x000000073aa00000, 0x000000073ac00000, 0x000000073ac00000|100%| O|  |TAMS 0x000000073ac00000, 0x000000073aa00000| Untracked 
|  60|0x000000073ac00000, 0x000000073ae00000, 0x000000073ae00000|100%| O|  |TAMS 0x000000073ae00000, 0x000000073ac00000| Untracked 
|  61|0x000000073ae00000, 0x000000073b000000, 0x000000073b000000|100%| O|  |TAMS 0x000000073b000000, 0x000000073ae00000| Untracked 
|  62|0x000000073b000000, 0x000000073b200000, 0x000000073b200000|100%| O|  |TAMS 0x000000073b200000, 0x000000073b000000| Untracked 
|  63|0x000000073b200000, 0x000000073b400000, 0x000000073b400000|100%| O|  |TAMS 0x000000073b400000, 0x000000073b200000| Untracked 
|  64|0x000000073b400000, 0x000000073b600000, 0x000000073b600000|100%| O|  |TAMS 0x000000073b600000, 0x000000073b400000| Untracked 
|  65|0x000000073b600000, 0x000000073b800000, 0x000000073b800000|100%| O|  |TAMS 0x000000073b800000, 0x000000073b600000| Untracked 
|  66|0x000000073b800000, 0x000000073ba00000, 0x000000073ba00000|100%| O|  |TAMS 0x000000073ba00000, 0x000000073b800000| Untracked 
|  67|0x000000073ba00000, 0x000000073bc00000, 0x000000073bc00000|100%| O|  |TAMS 0x000000073bc00000, 0x000000073ba00000| Untracked 
|  68|0x000000073bc00000, 0x000000073be00000, 0x000000073be00000|100%| O|  |TAMS 0x000000073be00000, 0x000000073bc00000| Untracked 
|  69|0x000000073be00000, 0x000000073c000000, 0x000000073c000000|100%| O|  |TAMS 0x000000073c000000, 0x000000073be00000| Untracked 
|  70|0x000000073c000000, 0x000000073c200000, 0x000000073c200000|100%| O|  |TAMS 0x000000073c200000, 0x000000073c000000| Untracked 
|  71|0x000000073c200000, 0x000000073c400000, 0x000000073c400000|100%| O|  |TAMS 0x000000073c400000, 0x000000073c200000| Untracked 
|  72|0x000000073c400000, 0x000000073c600000, 0x000000073c600000|100%| O|  |TAMS 0x000000073c600000, 0x000000073c400000| Untracked 
|  73|0x000000073c600000, 0x000000073c800000, 0x000000073c800000|100%| O|  |TAMS 0x000000073c800000, 0x000000073c600000| Untracked 
|  74|0x000000073c800000, 0x000000073ca00000, 0x000000073ca00000|100%| O|  |TAMS 0x000000073ca00000, 0x000000073c800000| Untracked 
|  75|0x000000073ca00000, 0x000000073cc00000, 0x000000073cc00000|100%| O|  |TAMS 0x000000073cc00000, 0x000000073ca00000| Untracked 
|  76|0x000000073cc00000, 0x000000073ce00000, 0x000000073ce00000|100%| O|  |TAMS 0x000000073ce00000, 0x000000073cc00000| Untracked 
|  77|0x000000073ce00000, 0x000000073d000000, 0x000000073d000000|100%| O|  |TAMS 0x000000073d000000, 0x000000073ce00000| Untracked 
|  78|0x000000073d000000, 0x000000073d200000, 0x000000073d200000|100%| O|  |TAMS 0x000000073d200000, 0x000000073d000000| Untracked 
|  79|0x000000073d200000, 0x000000073d400000, 0x000000073d400000|100%| O|  |TAMS 0x000000073d400000, 0x000000073d200000| Untracked 
|  80|0x000000073d400000, 0x000000073d600000, 0x000000073d600000|100%| O|  |TAMS 0x000000073d600000, 0x000000073d400000| Untracked 
|  81|0x000000073d600000, 0x000000073d800000, 0x000000073d800000|100%| O|  |TAMS 0x000000073d800000, 0x000000073d600000| Untracked 
|  82|0x000000073d800000, 0x000000073da00000, 0x000000073da00000|100%| O|  |TAMS 0x000000073da00000, 0x000000073d800000| Untracked 
|  83|0x000000073da00000, 0x000000073dc00000, 0x000000073dc00000|100%| O|  |TAMS 0x000000073dc00000, 0x000000073da00000| Untracked 
|  84|0x000000073dc00000, 0x000000073de00000, 0x000000073de00000|100%| O|  |TAMS 0x000000073de00000, 0x000000073dc00000| Untracked 
|  85|0x000000073de00000, 0x000000073e000000, 0x000000073e000000|100%| O|  |TAMS 0x000000073e000000, 0x000000073de00000| Untracked 
|  86|0x000000073e000000, 0x000000073e200000, 0x000000073e200000|100%| O|  |TAMS 0x000000073e200000, 0x000000073e000000| Untracked 
|  87|0x000000073e200000, 0x000000073e400000, 0x000000073e400000|100%| O|  |TAMS 0x000000073e400000, 0x000000073e200000| Untracked 
|  88|0x000000073e400000, 0x000000073e600000, 0x000000073e600000|100%| O|  |TAMS 0x000000073e600000, 0x000000073e400000| Untracked 
|  89|0x000000073e600000, 0x000000073e800000, 0x000000073e800000|100%| O|  |TAMS 0x000000073e800000, 0x000000073e600000| Untracked 
|  90|0x000000073e800000, 0x000000073ea00000, 0x000000073ea00000|100%| O|  |TAMS 0x000000073ea00000, 0x000000073e800000| Untracked 
|  91|0x000000073ea00000, 0x000000073ec00000, 0x000000073ec00000|100%| O|  |TAMS 0x000000073ec00000, 0x000000073ea00000| Untracked 
|  92|0x000000073ec00000, 0x000000073ee00000, 0x000000073ee00000|100%| O|  |TAMS 0x000000073ee00000, 0x000000073ec00000| Untracked 
|  93|0x000000073ee00000, 0x000000073f000000, 0x000000073f000000|100%| O|  |TAMS 0x000000073f000000, 0x000000073ee00000| Untracked 
|  94|0x000000073f000000, 0x000000073f200000, 0x000000073f200000|100%| O|  |TAMS 0x000000073f200000, 0x000000073f000000| Untracked 
|  95|0x000000073f200000, 0x000000073f400000, 0x000000073f400000|100%| O|  |TAMS 0x000000073f400000, 0x000000073f200000| Untracked 
|  96|0x000000073f400000, 0x000000073f600000, 0x000000073f600000|100%| O|  |TAMS 0x000000073f600000, 0x000000073f400000| Untracked 
|  97|0x000000073f600000, 0x000000073f800000, 0x000000073f800000|100%| O|  |TAMS 0x000000073f800000, 0x000000073f600000| Untracked 
|  98|0x000000073f800000, 0x000000073fa00000, 0x000000073fa00000|100%| O|  |TAMS 0x000000073fa00000, 0x000000073f800000| Untracked 
|  99|0x000000073fa00000, 0x000000073fc00000, 0x000000073fc00000|100%| O|  |TAMS 0x000000073fc00000, 0x000000073fa00000| Untracked 
| 100|0x000000073fc00000, 0x000000073fe00000, 0x000000073fe00000|100%| O|  |TAMS 0x000000073fe00000, 0x000000073fc00000| Untracked 
| 101|0x000000073fe00000, 0x0000000740000000, 0x0000000740000000|100%| O|  |TAMS 0x0000000740000000, 0x000000073fe00000| Untracked 
| 102|0x0000000740000000, 0x0000000740200000, 0x0000000740200000|100%| O|  |TAMS 0x0000000740200000, 0x0000000740000000| Untracked 
| 103|0x0000000740200000, 0x0000000740400000, 0x0000000740400000|100%| O|  |TAMS 0x0000000740400000, 0x0000000740200000| Untracked 
| 104|0x0000000740400000, 0x0000000740600000, 0x0000000740600000|100%| O|  |TAMS 0x0000000740600000, 0x0000000740400000| Untracked 
| 105|0x0000000740600000, 0x0000000740800000, 0x0000000740800000|100%| O|  |TAMS 0x0000000740800000, 0x0000000740600000| Untracked 
| 106|0x0000000740800000, 0x0000000740a00000, 0x0000000740a00000|100%| O|  |TAMS 0x0000000740a00000, 0x0000000740800000| Untracked 
| 107|0x0000000740a00000, 0x0000000740c00000, 0x0000000740c00000|100%| O|  |TAMS 0x0000000740c00000, 0x0000000740a00000| Untracked 
| 108|0x0000000740c00000, 0x0000000740e00000, 0x0000000740e00000|100%| O|  |TAMS 0x0000000740e00000, 0x0000000740c00000| Untracked 
| 109|0x0000000740e00000, 0x0000000741000000, 0x0000000741000000|100%| O|  |TAMS 0x0000000741000000, 0x0000000740e00000| Untracked 
| 110|0x0000000741000000, 0x0000000741200000, 0x0000000741200000|100%| O|  |TAMS 0x0000000741200000, 0x0000000741000000| Untracked 
| 111|0x0000000741200000, 0x0000000741400000, 0x0000000741400000|100%| O|  |TAMS 0x0000000741400000, 0x0000000741200000| Untracked 
| 112|0x0000000741400000, 0x0000000741600000, 0x0000000741600000|100%| O|  |TAMS 0x0000000741600000, 0x0000000741400000| Untracked 
| 113|0x0000000741600000, 0x0000000741800000, 0x0000000741800000|100%| O|  |TAMS 0x0000000741800000, 0x0000000741600000| Untracked 
| 114|0x0000000741800000, 0x0000000741a00000, 0x0000000741a00000|100%| O|  |TAMS 0x0000000741a00000, 0x0000000741800000| Untracked 
| 115|0x0000000741a00000, 0x0000000741c00000, 0x0000000741c00000|100%| O|  |TAMS 0x0000000741c00000, 0x0000000741a00000| Untracked 
| 116|0x0000000741c00000, 0x0000000741e00000, 0x0000000741e00000|100%| O|  |TAMS 0x0000000741e00000, 0x0000000741c00000| Untracked 
| 117|0x0000000741e00000, 0x0000000742000000, 0x0000000742000000|100%| O|  |TAMS 0x0000000742000000, 0x0000000741e00000| Untracked 
| 118|0x0000000742000000, 0x0000000742200000, 0x0000000742200000|100%| O|  |TAMS 0x0000000742200000, 0x0000000742000000| Untracked 
| 119|0x0000000742200000, 0x0000000742400000, 0x0000000742400000|100%| O|  |TAMS 0x0000000742400000, 0x0000000742200000| Untracked 
| 120|0x0000000742400000, 0x0000000742600000, 0x0000000742600000|100%| O|  |TAMS 0x0000000742600000, 0x0000000742400000| Untracked 
| 121|0x0000000742600000, 0x0000000742800000, 0x0000000742800000|100%| O|  |TAMS 0x0000000742800000, 0x0000000742600000| Untracked 
| 122|0x0000000742800000, 0x0000000742a00000, 0x0000000742a00000|100%| O|  |TAMS 0x0000000742a00000, 0x0000000742800000| Untracked 
| 123|0x0000000742a00000, 0x0000000742c00000, 0x0000000742c00000|100%| O|  |TAMS 0x0000000742c00000, 0x0000000742a00000| Untracked 
| 124|0x0000000742c00000, 0x0000000742e00000, 0x0000000742e00000|100%| O|  |TAMS 0x0000000742e00000, 0x0000000742c00000| Untracked 
| 125|0x0000000742e00000, 0x0000000743000000, 0x0000000743000000|100%| O|  |TAMS 0x0000000743000000, 0x0000000742e00000| Untracked 
| 126|0x0000000743000000, 0x0000000743200000, 0x0000000743200000|100%| O|  |TAMS 0x0000000743200000, 0x0000000743000000| Untracked 
| 127|0x0000000743200000, 0x0000000743400000, 0x0000000743400000|100%| O|  |TAMS 0x0000000743400000, 0x0000000743200000| Untracked 
| 128|0x0000000743400000, 0x0000000743600000, 0x0000000743600000|100%| O|  |TAMS 0x0000000743600000, 0x0000000743400000| Untracked 
| 129|0x0000000743600000, 0x0000000743800000, 0x0000000743800000|100%| O|  |TAMS 0x0000000743800000, 0x0000000743600000| Untracked 
| 130|0x0000000743800000, 0x0000000743a00000, 0x0000000743a00000|100%| O|  |TAMS 0x0000000743a00000, 0x0000000743800000| Untracked 
| 131|0x0000000743a00000, 0x0000000743c00000, 0x0000000743c00000|100%| O|  |TAMS 0x0000000743c00000, 0x0000000743a00000| Untracked 
| 132|0x0000000743c00000, 0x0000000743e00000, 0x0000000743e00000|100%| O|  |TAMS 0x0000000743e00000, 0x0000000743c00000| Untracked 
| 133|0x0000000743e00000, 0x0000000744000000, 0x0000000744000000|100%| O|  |TAMS 0x0000000744000000, 0x0000000743e00000| Untracked 
| 134|0x0000000744000000, 0x0000000744200000, 0x0000000744200000|100%| O|  |TAMS 0x0000000744200000, 0x0000000744000000| Untracked 
| 135|0x0000000744200000, 0x0000000744400000, 0x0000000744400000|100%| O|  |TAMS 0x0000000744400000, 0x0000000744200000| Untracked 
| 136|0x0000000744400000, 0x0000000744600000, 0x0000000744600000|100%| O|  |TAMS 0x0000000744600000, 0x0000000744400000| Untracked 
| 137|0x0000000744600000, 0x0000000744800000, 0x0000000744800000|100%| O|  |TAMS 0x0000000744800000, 0x0000000744600000| Untracked 
| 138|0x0000000744800000, 0x0000000744a00000, 0x0000000744a00000|100%| O|  |TAMS 0x0000000744a00000, 0x0000000744800000| Untracked 
| 139|0x0000000744a00000, 0x0000000744c00000, 0x0000000744c00000|100%| O|  |TAMS 0x0000000744c00000, 0x0000000744a00000| Untracked 
| 140|0x0000000744c00000, 0x0000000744e00000, 0x0000000744e00000|100%| O|  |TAMS 0x0000000744e00000, 0x0000000744c00000| Untracked 
| 141|0x0000000744e00000, 0x0000000745000000, 0x0000000745000000|100%| O|  |TAMS 0x0000000745000000, 0x0000000744e00000| Untracked 
| 142|0x0000000745000000, 0x0000000745200000, 0x0000000745200000|100%| O|  |TAMS 0x0000000745200000, 0x0000000745000000| Untracked 
| 143|0x0000000745200000, 0x0000000745400000, 0x0000000745400000|100%| O|  |TAMS 0x0000000745400000, 0x0000000745200000| Untracked 
| 144|0x0000000745400000, 0x0000000745600000, 0x0000000745600000|100%| O|  |TAMS 0x0000000745600000, 0x0000000745400000| Untracked 
| 145|0x0000000745600000, 0x0000000745800000, 0x0000000745800000|100%|HS|  |TAMS 0x0000000745800000, 0x0000000745600000| Complete 
| 146|0x0000000745800000, 0x0000000745a00000, 0x0000000745a00000|100%| O|  |TAMS 0x0000000745a00000, 0x0000000745800000| Untracked 
| 147|0x0000000745a00000, 0x0000000745c00000, 0x0000000745c00000|100%| O|  |TAMS 0x0000000745c00000, 0x0000000745a00000| Untracked 
| 148|0x0000000745c00000, 0x0000000745e00000, 0x0000000745e00000|100%| O|  |TAMS 0x0000000745e00000, 0x0000000745c00000| Untracked 
| 149|0x0000000745e00000, 0x0000000746000000, 0x0000000746000000|100%| O|  |TAMS 0x0000000746000000, 0x0000000745e00000| Untracked 
| 150|0x0000000746000000, 0x0000000746200000, 0x0000000746200000|100%| O|  |TAMS 0x0000000746200000, 0x0000000746000000| Untracked 
| 151|0x0000000746200000, 0x0000000746400000, 0x0000000746400000|100%| O|  |TAMS 0x0000000746400000, 0x0000000746200000| Untracked 
| 152|0x0000000746400000, 0x0000000746600000, 0x0000000746600000|100%| O|  |TAMS 0x0000000746600000, 0x0000000746400000| Untracked 
| 153|0x0000000746600000, 0x0000000746800000, 0x0000000746800000|100%| O|  |TAMS 0x0000000746800000, 0x0000000746600000| Untracked 
| 154|0x0000000746800000, 0x0000000746a00000, 0x0000000746a00000|100%| O|  |TAMS 0x0000000746a00000, 0x0000000746800000| Untracked 
| 155|0x0000000746a00000, 0x0000000746c00000, 0x0000000746c00000|100%| O|  |TAMS 0x0000000746c00000, 0x0000000746a00000| Untracked 
| 156|0x0000000746c00000, 0x0000000746e00000, 0x0000000746e00000|100%| O|  |TAMS 0x0000000746e00000, 0x0000000746c00000| Untracked 
| 157|0x0000000746e00000, 0x0000000747000000, 0x0000000747000000|100%| O|  |TAMS 0x0000000747000000, 0x0000000746e00000| Untracked 
| 158|0x0000000747000000, 0x0000000747200000, 0x0000000747200000|100%|HS|  |TAMS 0x0000000747200000, 0x0000000747000000| Complete 
| 159|0x0000000747200000, 0x0000000747400000, 0x0000000747400000|100%|HS|  |TAMS 0x0000000747400000, 0x0000000747200000| Complete 
| 160|0x0000000747400000, 0x0000000747600000, 0x0000000747600000|100%|HS|  |TAMS 0x0000000747600000, 0x0000000747400000| Complete 
| 161|0x0000000747600000, 0x0000000747800000, 0x0000000747800000|100%|HS|  |TAMS 0x0000000747800000, 0x0000000747600000| Complete 
| 162|0x0000000747800000, 0x0000000747a00000, 0x0000000747a00000|100%| O|  |TAMS 0x0000000747a00000, 0x0000000747800000| Untracked 
| 163|0x0000000747a00000, 0x0000000747c00000, 0x0000000747c00000|100%| O|  |TAMS 0x0000000747c00000, 0x0000000747a00000| Untracked 
| 164|0x0000000747c00000, 0x0000000747e00000, 0x0000000747e00000|100%| O|  |TAMS 0x0000000747e00000, 0x0000000747c00000| Untracked 
| 165|0x0000000747e00000, 0x0000000748000000, 0x0000000748000000|100%| O|  |TAMS 0x0000000748000000, 0x0000000747e00000| Untracked 
| 166|0x0000000748000000, 0x0000000748200000, 0x0000000748200000|100%| O|  |TAMS 0x0000000748200000, 0x0000000748000000| Untracked 
| 167|0x0000000748200000, 0x0000000748400000, 0x0000000748400000|100%| O|  |TAMS 0x0000000748400000, 0x0000000748200000| Untracked 
| 168|0x0000000748400000, 0x0000000748600000, 0x0000000748600000|100%| O|  |TAMS 0x0000000748600000, 0x0000000748400000| Untracked 
| 169|0x0000000748600000, 0x0000000748800000, 0x0000000748800000|100%| O|  |TAMS 0x0000000748800000, 0x0000000748600000| Untracked 
| 170|0x0000000748800000, 0x0000000748a00000, 0x0000000748a00000|100%| O|  |TAMS 0x0000000748a00000, 0x0000000748800000| Untracked 
| 171|0x0000000748a00000, 0x0000000748c00000, 0x0000000748c00000|100%| O|  |TAMS 0x0000000748c00000, 0x0000000748a00000| Untracked 
| 172|0x0000000748c00000, 0x0000000748e00000, 0x0000000748e00000|100%| O|  |TAMS 0x0000000748e00000, 0x0000000748c00000| Untracked 
| 173|0x0000000748e00000, 0x0000000749000000, 0x0000000749000000|100%| O|  |TAMS 0x0000000749000000, 0x0000000748e00000| Untracked 
| 174|0x0000000749000000, 0x0000000749200000, 0x0000000749200000|100%| O|  |TAMS 0x0000000749200000, 0x0000000749000000| Untracked 
| 175|0x0000000749200000, 0x0000000749400000, 0x0000000749400000|100%| O|  |TAMS 0x0000000749400000, 0x0000000749200000| Untracked 
| 176|0x0000000749400000, 0x0000000749600000, 0x0000000749600000|100%| O|  |TAMS 0x0000000749600000, 0x0000000749400000| Untracked 
| 177|0x0000000749600000, 0x0000000749800000, 0x0000000749800000|100%| O|  |TAMS 0x0000000749800000, 0x0000000749600000| Untracked 
| 178|0x0000000749800000, 0x0000000749a00000, 0x0000000749a00000|100%| O|  |TAMS 0x0000000749a00000, 0x0000000749800000| Untracked 
| 179|0x0000000749a00000, 0x0000000749c00000, 0x0000000749c00000|100%| O|  |TAMS 0x0000000749c00000, 0x0000000749a00000| Untracked 
| 180|0x0000000749c00000, 0x0000000749e00000, 0x0000000749e00000|100%| O|  |TAMS 0x0000000749e00000, 0x0000000749c00000| Untracked 
| 181|0x0000000749e00000, 0x000000074a000000, 0x000000074a000000|100%| O|  |TAMS 0x000000074a000000, 0x0000000749e00000| Untracked 
| 182|0x000000074a000000, 0x000000074a200000, 0x000000074a200000|100%| O|  |TAMS 0x000000074a200000, 0x000000074a000000| Untracked 
| 183|0x000000074a200000, 0x000000074a400000, 0x000000074a400000|100%| O|  |TAMS 0x000000074a400000, 0x000000074a200000| Untracked 
| 184|0x000000074a400000, 0x000000074a600000, 0x000000074a600000|100%| O|  |TAMS 0x000000074a600000, 0x000000074a400000| Untracked 
| 185|0x000000074a600000, 0x000000074a800000, 0x000000074a800000|100%| O|  |TAMS 0x000000074a800000, 0x000000074a600000| Untracked 
| 186|0x000000074a800000, 0x000000074aa00000, 0x000000074aa00000|100%| O|  |TAMS 0x000000074aa00000, 0x000000074a800000| Untracked 
| 187|0x000000074aa00000, 0x000000074ac00000, 0x000000074ac00000|100%| O|  |TAMS 0x000000074ac00000, 0x000000074aa00000| Untracked 
| 188|0x000000074ac00000, 0x000000074ae00000, 0x000000074ae00000|100%| O|  |TAMS 0x000000074ae00000, 0x000000074ac00000| Untracked 
| 189|0x000000074ae00000, 0x000000074b000000, 0x000000074b000000|100%| O|  |TAMS 0x000000074b000000, 0x000000074ae00000| Untracked 
| 190|0x000000074b000000, 0x000000074b200000, 0x000000074b200000|100%| O|  |TAMS 0x000000074b200000, 0x000000074b000000| Untracked 
| 191|0x000000074b200000, 0x000000074b400000, 0x000000074b400000|100%| O|  |TAMS 0x000000074b400000, 0x000000074b200000| Untracked 
| 192|0x000000074b400000, 0x000000074b600000, 0x000000074b600000|100%| O|  |TAMS 0x000000074b600000, 0x000000074b400000| Untracked 
| 193|0x000000074b600000, 0x000000074b800000, 0x000000074b800000|100%| O|  |TAMS 0x000000074b800000, 0x000000074b600000| Untracked 
| 194|0x000000074b800000, 0x000000074ba00000, 0x000000074ba00000|100%| O|  |TAMS 0x000000074ba00000, 0x000000074b800000| Untracked 
| 195|0x000000074ba00000, 0x000000074bc00000, 0x000000074bc00000|100%| O|  |TAMS 0x000000074bc00000, 0x000000074ba00000| Untracked 
| 196|0x000000074bc00000, 0x000000074be00000, 0x000000074be00000|100%| O|  |TAMS 0x000000074be00000, 0x000000074bc00000| Untracked 
| 197|0x000000074be00000, 0x000000074c000000, 0x000000074c000000|100%| O|  |TAMS 0x000000074c000000, 0x000000074be00000| Untracked 
| 198|0x000000074c000000, 0x000000074c200000, 0x000000074c200000|100%| O|  |TAMS 0x000000074c200000, 0x000000074c000000| Untracked 
| 199|0x000000074c200000, 0x000000074c400000, 0x000000074c400000|100%| O|  |TAMS 0x000000074c400000, 0x000000074c200000| Untracked 
| 200|0x000000074c400000, 0x000000074c600000, 0x000000074c600000|100%| O|  |TAMS 0x000000074c600000, 0x000000074c400000| Untracked 
| 201|0x000000074c600000, 0x000000074c800000, 0x000000074c800000|100%| O|  |TAMS 0x000000074c800000, 0x000000074c600000| Untracked 
| 202|0x000000074c800000, 0x000000074ca00000, 0x000000074ca00000|100%| O|  |TAMS 0x000000074ca00000, 0x000000074c800000| Untracked 
| 203|0x000000074ca00000, 0x000000074cc00000, 0x000000074cc00000|100%| O|  |TAMS 0x000000074cc00000, 0x000000074ca00000| Untracked 
| 204|0x000000074cc00000, 0x000000074ce00000, 0x000000074ce00000|100%| O|  |TAMS 0x000000074ce00000, 0x000000074cc00000| Untracked 
| 205|0x000000074ce00000, 0x000000074d000000, 0x000000074d000000|100%| O|  |TAMS 0x000000074d000000, 0x000000074ce00000| Untracked 
| 206|0x000000074d000000, 0x000000074d200000, 0x000000074d200000|100%| O|  |TAMS 0x000000074d200000, 0x000000074d000000| Untracked 
| 207|0x000000074d200000, 0x000000074d400000, 0x000000074d400000|100%| O|  |TAMS 0x000000074d400000, 0x000000074d200000| Untracked 
| 208|0x000000074d400000, 0x000000074d600000, 0x000000074d600000|100%| O|  |TAMS 0x000000074d600000, 0x000000074d400000| Untracked 
| 209|0x000000074d600000, 0x000000074d800000, 0x000000074d800000|100%| O|  |TAMS 0x000000074d800000, 0x000000074d600000| Untracked 
| 210|0x000000074d800000, 0x000000074da00000, 0x000000074da00000|100%| O|  |TAMS 0x000000074da00000, 0x000000074d800000| Untracked 
| 211|0x000000074da00000, 0x000000074dc00000, 0x000000074dc00000|100%| O|  |TAMS 0x000000074dc00000, 0x000000074da00000| Untracked 
| 212|0x000000074dc00000, 0x000000074de00000, 0x000000074de00000|100%| O|  |TAMS 0x000000074de00000, 0x000000074dc00000| Untracked 
| 213|0x000000074de00000, 0x000000074e000000, 0x000000074e000000|100%| O|  |TAMS 0x000000074e000000, 0x000000074de00000| Untracked 
| 214|0x000000074e000000, 0x000000074e200000, 0x000000074e200000|100%| O|  |TAMS 0x000000074e200000, 0x000000074e000000| Untracked 
| 215|0x000000074e200000, 0x000000074e400000, 0x000000074e400000|100%| O|  |TAMS 0x000000074e400000, 0x000000074e200000| Untracked 
| 216|0x000000074e400000, 0x000000074e600000, 0x000000074e600000|100%| O|  |TAMS 0x000000074e600000, 0x000000074e400000| Untracked 
| 217|0x000000074e600000, 0x000000074e800000, 0x000000074e800000|100%| O|  |TAMS 0x000000074e800000, 0x000000074e600000| Untracked 
| 218|0x000000074e800000, 0x000000074ea00000, 0x000000074ea00000|100%| O|  |TAMS 0x000000074ea00000, 0x000000074e800000| Untracked 
| 219|0x000000074ea00000, 0x000000074ec00000, 0x000000074ec00000|100%| O|  |TAMS 0x000000074ec00000, 0x000000074ea00000| Untracked 
| 220|0x000000074ec00000, 0x000000074ee00000, 0x000000074ee00000|100%| O|  |TAMS 0x000000074ee00000, 0x000000074ec00000| Untracked 
| 221|0x000000074ee00000, 0x000000074f000000, 0x000000074f000000|100%| O|  |TAMS 0x000000074f000000, 0x000000074ee00000| Untracked 
| 222|0x000000074f000000, 0x000000074f200000, 0x000000074f200000|100%| O|  |TAMS 0x000000074f200000, 0x000000074f000000| Untracked 
| 223|0x000000074f200000, 0x000000074f400000, 0x000000074f400000|100%| O|  |TAMS 0x000000074f400000, 0x000000074f200000| Untracked 
| 224|0x000000074f400000, 0x000000074f600000, 0x000000074f600000|100%| O|  |TAMS 0x000000074f600000, 0x000000074f400000| Untracked 
| 225|0x000000074f600000, 0x000000074f800000, 0x000000074f800000|100%| O|  |TAMS 0x000000074f800000, 0x000000074f600000| Untracked 
| 226|0x000000074f800000, 0x000000074fa00000, 0x000000074fa00000|100%| O|  |TAMS 0x000000074fa00000, 0x000000074f800000| Untracked 
| 227|0x000000074fa00000, 0x000000074fc00000, 0x000000074fc00000|100%| O|  |TAMS 0x000000074fc00000, 0x000000074fa00000| Untracked 
| 228|0x000000074fc00000, 0x000000074fe00000, 0x000000074fe00000|100%|HS|  |TAMS 0x000000074fe00000, 0x000000074fc00000| Complete 
| 229|0x000000074fe00000, 0x0000000750000000, 0x0000000750000000|100%|HS|  |TAMS 0x0000000750000000, 0x000000074fe00000| Complete 
| 230|0x0000000750000000, 0x0000000750200000, 0x0000000750200000|100%| O|  |TAMS 0x0000000750200000, 0x0000000750000000| Untracked 
| 231|0x0000000750200000, 0x0000000750400000, 0x0000000750400000|100%|HS|  |TAMS 0x0000000750400000, 0x0000000750200000| Complete 
| 232|0x0000000750400000, 0x0000000750600000, 0x0000000750600000|100%|HC|  |TAMS 0x0000000750600000, 0x0000000750400000| Complete 
| 233|0x0000000750600000, 0x0000000750800000, 0x0000000750800000|100%| O|  |TAMS 0x0000000750800000, 0x0000000750600000| Untracked 
| 234|0x0000000750800000, 0x0000000750a00000, 0x0000000750a00000|100%| O|  |TAMS 0x0000000750a00000, 0x0000000750800000| Untracked 
| 235|0x0000000750a00000, 0x0000000750c00000, 0x0000000750c00000|100%| O|  |TAMS 0x0000000750c00000, 0x0000000750a00000| Untracked 
| 236|0x0000000750c00000, 0x0000000750e00000, 0x0000000750e00000|100%| O|  |TAMS 0x0000000750e00000, 0x0000000750c00000| Untracked 
| 237|0x0000000750e00000, 0x0000000751000000, 0x0000000751000000|100%| O|  |TAMS 0x0000000751000000, 0x0000000750e00000| Untracked 
| 238|0x0000000751000000, 0x0000000751200000, 0x0000000751200000|100%| O|  |TAMS 0x0000000751200000, 0x0000000751000000| Untracked 
| 239|0x0000000751200000, 0x0000000751400000, 0x0000000751400000|100%| O|  |TAMS 0x0000000751400000, 0x0000000751200000| Untracked 
| 240|0x0000000751400000, 0x0000000751600000, 0x0000000751600000|100%| O|  |TAMS 0x0000000751600000, 0x0000000751400000| Untracked 
| 241|0x0000000751600000, 0x0000000751800000, 0x0000000751800000|100%| O|  |TAMS 0x0000000751800000, 0x0000000751600000| Untracked 
| 242|0x0000000751800000, 0x0000000751a00000, 0x0000000751a00000|100%| O|  |TAMS 0x0000000751a00000, 0x0000000751800000| Untracked 
| 243|0x0000000751a00000, 0x0000000751c00000, 0x0000000751c00000|100%| O|  |TAMS 0x0000000751c00000, 0x0000000751a00000| Untracked 
| 244|0x0000000751c00000, 0x0000000751e00000, 0x0000000751e00000|100%| O|  |TAMS 0x0000000751e00000, 0x0000000751c00000| Untracked 
| 245|0x0000000751e00000, 0x0000000752000000, 0x0000000752000000|100%| O|  |TAMS 0x0000000752000000, 0x0000000751e00000| Untracked 
| 246|0x0000000752000000, 0x0000000752200000, 0x0000000752200000|100%| O|  |TAMS 0x0000000752200000, 0x0000000752000000| Untracked 
| 247|0x0000000752200000, 0x0000000752400000, 0x0000000752400000|100%| O|  |TAMS 0x0000000752400000, 0x0000000752200000| Untracked 
| 248|0x0000000752400000, 0x0000000752600000, 0x0000000752600000|100%| O|  |TAMS 0x0000000752600000, 0x0000000752400000| Untracked 
| 249|0x0000000752600000, 0x0000000752800000, 0x0000000752800000|100%| O|  |TAMS 0x0000000752800000, 0x0000000752600000| Untracked 
| 250|0x0000000752800000, 0x0000000752a00000, 0x0000000752a00000|100%| O|  |TAMS 0x0000000752a00000, 0x0000000752800000| Untracked 
| 251|0x0000000752a00000, 0x0000000752c00000, 0x0000000752c00000|100%| O|  |TAMS 0x0000000752c00000, 0x0000000752a00000| Untracked 
| 252|0x0000000752c00000, 0x0000000752e00000, 0x0000000752e00000|100%| O|  |TAMS 0x0000000752e00000, 0x0000000752c00000| Untracked 
| 253|0x0000000752e00000, 0x0000000753000000, 0x0000000753000000|100%| O|  |TAMS 0x0000000753000000, 0x0000000752e00000| Untracked 
| 254|0x0000000753000000, 0x0000000753200000, 0x0000000753200000|100%| O|  |TAMS 0x0000000753200000, 0x0000000753000000| Untracked 
| 255|0x0000000753200000, 0x0000000753400000, 0x0000000753400000|100%| O|  |TAMS 0x0000000753400000, 0x0000000753200000| Untracked 
| 256|0x0000000753400000, 0x0000000753600000, 0x0000000753600000|100%| O|  |TAMS 0x0000000753600000, 0x0000000753400000| Untracked 
| 257|0x0000000753600000, 0x0000000753800000, 0x0000000753800000|100%| O|  |TAMS 0x0000000753800000, 0x0000000753600000| Untracked 
| 258|0x0000000753800000, 0x0000000753a00000, 0x0000000753a00000|100%| O|  |TAMS 0x0000000753a00000, 0x0000000753800000| Untracked 
| 259|0x0000000753a00000, 0x0000000753c00000, 0x0000000753c00000|100%| O|  |TAMS 0x0000000753c00000, 0x0000000753a00000| Untracked 
| 260|0x0000000753c00000, 0x0000000753e00000, 0x0000000753e00000|100%| O|  |TAMS 0x0000000753e00000, 0x0000000753c00000| Untracked 
| 261|0x0000000753e00000, 0x0000000754000000, 0x0000000754000000|100%| O|  |TAMS 0x0000000754000000, 0x0000000753e00000| Untracked 
| 262|0x0000000754000000, 0x0000000754200000, 0x0000000754200000|100%| O|  |TAMS 0x0000000754200000, 0x0000000754000000| Untracked 
| 263|0x0000000754200000, 0x0000000754400000, 0x0000000754400000|100%| O|  |TAMS 0x0000000754400000, 0x0000000754200000| Untracked 
| 264|0x0000000754400000, 0x0000000754600000, 0x0000000754600000|100%| O|  |TAMS 0x0000000754600000, 0x0000000754400000| Untracked 
| 265|0x0000000754600000, 0x0000000754800000, 0x0000000754800000|100%| O|  |TAMS 0x0000000754800000, 0x0000000754600000| Untracked 
| 266|0x0000000754800000, 0x0000000754a00000, 0x0000000754a00000|100%| O|  |TAMS 0x0000000754a00000, 0x0000000754800000| Untracked 
| 267|0x0000000754a00000, 0x0000000754c00000, 0x0000000754c00000|100%| O|  |TAMS 0x0000000754c00000, 0x0000000754a00000| Untracked 
| 268|0x0000000754c00000, 0x0000000754e00000, 0x0000000754e00000|100%| O|  |TAMS 0x0000000754e00000, 0x0000000754c00000| Untracked 
| 269|0x0000000754e00000, 0x0000000755000000, 0x0000000755000000|100%| O|  |TAMS 0x0000000755000000, 0x0000000754e00000| Untracked 
| 270|0x0000000755000000, 0x0000000755200000, 0x0000000755200000|100%| O|  |TAMS 0x0000000755200000, 0x0000000755000000| Untracked 
| 271|0x0000000755200000, 0x0000000755400000, 0x0000000755400000|100%| O|  |TAMS 0x0000000755400000, 0x0000000755200000| Untracked 
| 272|0x0000000755400000, 0x0000000755400000, 0x0000000755600000|  0%| F|  |TAMS 0x0000000755400000, 0x0000000755400000| Untracked 
| 273|0x0000000755600000, 0x0000000755800000, 0x0000000755800000|100%| O|  |TAMS 0x0000000755800000, 0x0000000755600000| Untracked 
| 274|0x0000000755800000, 0x0000000755a00000, 0x0000000755a00000|100%|HS|  |TAMS 0x0000000755a00000, 0x0000000755800000| Complete 
| 275|0x0000000755a00000, 0x0000000755c00000, 0x0000000755c00000|100%| O|  |TAMS 0x0000000755c00000, 0x0000000755a00000| Untracked 
| 276|0x0000000755c00000, 0x0000000755e00000, 0x0000000755e00000|100%| O|  |TAMS 0x0000000755e00000, 0x0000000755c00000| Untracked 
| 277|0x0000000755e00000, 0x0000000756000000, 0x0000000756000000|100%| O|  |TAMS 0x0000000756000000, 0x0000000755e00000| Untracked 
| 278|0x0000000756000000, 0x0000000756200000, 0x0000000756200000|100%| O|  |TAMS 0x0000000756200000, 0x0000000756000000| Untracked 
| 279|0x0000000756200000, 0x0000000756400000, 0x0000000756400000|100%| O|  |TAMS 0x0000000756400000, 0x0000000756200000| Untracked 
| 280|0x0000000756400000, 0x0000000756600000, 0x0000000756600000|100%| O|  |TAMS 0x0000000756600000, 0x0000000756400000| Untracked 
| 281|0x0000000756600000, 0x0000000756600000, 0x0000000756800000|  0%| F|  |TAMS 0x0000000756600000, 0x0000000756600000| Untracked 
| 282|0x0000000756800000, 0x0000000756a00000, 0x0000000756a00000|100%| O|  |TAMS 0x0000000756a00000, 0x0000000756800000| Untracked 
| 283|0x0000000756a00000, 0x0000000756c00000, 0x0000000756c00000|100%| O|  |TAMS 0x0000000756c00000, 0x0000000756a00000| Untracked 
| 284|0x0000000756c00000, 0x0000000756e00000, 0x0000000756e00000|100%| O|  |TAMS 0x0000000756e00000, 0x0000000756c00000| Untracked 
| 285|0x0000000756e00000, 0x0000000757000000, 0x0000000757000000|100%| O|  |TAMS 0x0000000757000000, 0x0000000756e00000| Untracked 
| 286|0x0000000757000000, 0x0000000757200000, 0x0000000757200000|100%| O|  |TAMS 0x0000000757200000, 0x0000000757000000| Untracked 
| 287|0x0000000757200000, 0x0000000757400000, 0x0000000757400000|100%| O|  |TAMS 0x0000000757400000, 0x0000000757200000| Untracked 
| 288|0x0000000757400000, 0x0000000757600000, 0x0000000757600000|100%| O|  |TAMS 0x0000000757600000, 0x0000000757400000| Untracked 
| 289|0x0000000757600000, 0x0000000757800000, 0x0000000757800000|100%| O|  |TAMS 0x0000000757800000, 0x0000000757600000| Untracked 
| 290|0x0000000757800000, 0x0000000757a00000, 0x0000000757a00000|100%| O|  |TAMS 0x0000000757a00000, 0x0000000757800000| Untracked 
| 291|0x0000000757a00000, 0x0000000757c00000, 0x0000000757c00000|100%| O|  |TAMS 0x0000000757c00000, 0x0000000757a00000| Untracked 
| 292|0x0000000757c00000, 0x0000000757e00000, 0x0000000757e00000|100%|HS|  |TAMS 0x0000000757e00000, 0x0000000757c00000| Complete 
| 293|0x0000000757e00000, 0x0000000758000000, 0x0000000758000000|100%| O|  |TAMS 0x0000000758000000, 0x0000000757e00000| Untracked 
| 294|0x0000000758000000, 0x0000000758200000, 0x0000000758200000|100%| O|  |TAMS 0x0000000758200000, 0x0000000758000000| Untracked 
| 295|0x0000000758200000, 0x0000000758400000, 0x0000000758400000|100%| O|  |TAMS 0x0000000758400000, 0x0000000758200000| Untracked 
| 296|0x0000000758400000, 0x0000000758600000, 0x0000000758600000|100%| O|  |TAMS 0x0000000758600000, 0x0000000758400000| Untracked 
| 297|0x0000000758600000, 0x0000000758800000, 0x0000000758800000|100%| O|  |TAMS 0x0000000758800000, 0x0000000758600000| Untracked 
| 298|0x0000000758800000, 0x0000000758a00000, 0x0000000758a00000|100%| O|  |TAMS 0x0000000758a00000, 0x0000000758800000| Untracked 
| 299|0x0000000758a00000, 0x0000000758c00000, 0x0000000758c00000|100%| O|  |TAMS 0x0000000758c00000, 0x0000000758a00000| Untracked 
| 300|0x0000000758c00000, 0x0000000758e00000, 0x0000000758e00000|100%| O|  |TAMS 0x0000000758e00000, 0x0000000758c00000| Complete 
| 301|0x0000000758e00000, 0x0000000759000000, 0x0000000759000000|100%| O|  |TAMS 0x0000000759000000, 0x0000000758e00000| Complete 
| 302|0x0000000759000000, 0x0000000759200000, 0x0000000759200000|100%| O|  |TAMS 0x0000000759200000, 0x0000000759000000| Untracked 
| 303|0x0000000759200000, 0x0000000759400000, 0x0000000759400000|100%| O|  |TAMS 0x0000000759400000, 0x0000000759200000| Untracked 
| 304|0x0000000759400000, 0x0000000759600000, 0x0000000759600000|100%| O|  |TAMS 0x0000000759600000, 0x0000000759400000| Untracked 
| 305|0x0000000759600000, 0x0000000759800000, 0x0000000759800000|100%| O|  |TAMS 0x0000000759800000, 0x0000000759600000| Complete 
| 306|0x0000000759800000, 0x0000000759a00000, 0x0000000759a00000|100%| O|  |TAMS 0x0000000759a00000, 0x0000000759800000| Untracked 
| 307|0x0000000759a00000, 0x0000000759c00000, 0x0000000759c00000|100%| O|  |TAMS 0x0000000759c00000, 0x0000000759a00000| Untracked 
| 308|0x0000000759c00000, 0x0000000759e00000, 0x0000000759e00000|100%| O|  |TAMS 0x0000000759e00000, 0x0000000759c00000| Untracked 
| 309|0x0000000759e00000, 0x000000075a000000, 0x000000075a000000|100%| O|  |TAMS 0x000000075a000000, 0x0000000759e00000| Untracked 
| 310|0x000000075a000000, 0x000000075a200000, 0x000000075a200000|100%| O|  |TAMS 0x000000075a200000, 0x000000075a000000| Untracked 
| 311|0x000000075a200000, 0x000000075a400000, 0x000000075a400000|100%| O|  |TAMS 0x000000075a400000, 0x000000075a200000| Untracked 
| 312|0x000000075a400000, 0x000000075a600000, 0x000000075a600000|100%| O|  |TAMS 0x000000075a600000, 0x000000075a400000| Untracked 
| 313|0x000000075a600000, 0x000000075a800000, 0x000000075a800000|100%| O|  |TAMS 0x000000075a800000, 0x000000075a600000| Untracked 
| 314|0x000000075a800000, 0x000000075aa00000, 0x000000075aa00000|100%| O|  |TAMS 0x000000075aa00000, 0x000000075a800000| Untracked 
| 315|0x000000075aa00000, 0x000000075ac00000, 0x000000075ac00000|100%| O|  |TAMS 0x000000075ac00000, 0x000000075aa00000| Untracked 
| 316|0x000000075ac00000, 0x000000075ae00000, 0x000000075ae00000|100%| O|  |TAMS 0x000000075ae00000, 0x000000075ac00000| Untracked 
| 317|0x000000075ae00000, 0x000000075b000000, 0x000000075b000000|100%| O|  |TAMS 0x000000075b000000, 0x000000075ae00000| Untracked 
| 318|0x000000075b000000, 0x000000075b200000, 0x000000075b200000|100%| O|  |TAMS 0x000000075b200000, 0x000000075b000000| Untracked 
| 319|0x000000075b200000, 0x000000075b400000, 0x000000075b400000|100%| O|  |TAMS 0x000000075b400000, 0x000000075b200000| Untracked 
| 320|0x000000075b400000, 0x000000075b600000, 0x000000075b600000|100%| O|  |TAMS 0x000000075b600000, 0x000000075b400000| Untracked 
| 321|0x000000075b600000, 0x000000075b800000, 0x000000075b800000|100%| O|  |TAMS 0x000000075b800000, 0x000000075b600000| Untracked 
| 322|0x000000075b800000, 0x000000075ba00000, 0x000000075ba00000|100%| O|  |TAMS 0x000000075ba00000, 0x000000075b800000| Untracked 
| 323|0x000000075ba00000, 0x000000075bc00000, 0x000000075bc00000|100%| O|  |TAMS 0x000000075bc00000, 0x000000075ba00000| Untracked 
| 324|0x000000075bc00000, 0x000000075be00000, 0x000000075be00000|100%| O|  |TAMS 0x000000075be00000, 0x000000075bc00000| Untracked 
| 325|0x000000075be00000, 0x000000075c000000, 0x000000075c000000|100%| O|  |TAMS 0x000000075c000000, 0x000000075be00000| Untracked 
| 326|0x000000075c000000, 0x000000075c200000, 0x000000075c200000|100%| O|  |TAMS 0x000000075c200000, 0x000000075c000000| Untracked 
| 327|0x000000075c200000, 0x000000075c400000, 0x000000075c400000|100%| O|  |TAMS 0x000000075c400000, 0x000000075c200000| Untracked 
| 328|0x000000075c400000, 0x000000075c600000, 0x000000075c600000|100%| O|  |TAMS 0x000000075c600000, 0x000000075c400000| Untracked 
| 329|0x000000075c600000, 0x000000075c800000, 0x000000075c800000|100%| O|  |TAMS 0x000000075c800000, 0x000000075c600000| Untracked 
| 330|0x000000075c800000, 0x000000075ca00000, 0x000000075ca00000|100%| O|  |TAMS 0x000000075ca00000, 0x000000075c800000| Untracked 
| 331|0x000000075ca00000, 0x000000075cc00000, 0x000000075cc00000|100%| O|  |TAMS 0x000000075cc00000, 0x000000075ca00000| Untracked 
| 332|0x000000075cc00000, 0x000000075ce00000, 0x000000075ce00000|100%| O|  |TAMS 0x000000075ce00000, 0x000000075cc00000| Untracked 
| 333|0x000000075ce00000, 0x000000075d000000, 0x000000075d000000|100%| O|  |TAMS 0x000000075d000000, 0x000000075ce00000| Complete 
| 334|0x000000075d000000, 0x000000075d200000, 0x000000075d200000|100%| O|  |TAMS 0x000000075d200000, 0x000000075d000000| Untracked 
| 335|0x000000075d200000, 0x000000075d400000, 0x000000075d400000|100%| O|  |TAMS 0x000000075d400000, 0x000000075d200000| Untracked 
| 336|0x000000075d400000, 0x000000075d600000, 0x000000075d600000|100%| O|  |TAMS 0x000000075d600000, 0x000000075d400000| Untracked 
| 337|0x000000075d600000, 0x000000075d800000, 0x000000075d800000|100%| O|  |TAMS 0x000000075d800000, 0x000000075d600000| Untracked 
| 338|0x000000075d800000, 0x000000075da00000, 0x000000075da00000|100%| O|  |TAMS 0x000000075da00000, 0x000000075d800000| Untracked 
| 339|0x000000075da00000, 0x000000075dc00000, 0x000000075dc00000|100%| O|  |TAMS 0x000000075dc00000, 0x000000075da00000| Untracked 
| 340|0x000000075dc00000, 0x000000075de00000, 0x000000075de00000|100%| O|  |TAMS 0x000000075de00000, 0x000000075dc00000| Untracked 
| 341|0x000000075de00000, 0x000000075e000000, 0x000000075e000000|100%| O|  |TAMS 0x000000075e000000, 0x000000075de00000| Complete 
| 342|0x000000075e000000, 0x000000075e000000, 0x000000075e200000|  0%| F|  |TAMS 0x000000075e000000, 0x000000075e000000| Untracked 
| 343|0x000000075e200000, 0x000000075e400000, 0x000000075e400000|100%| O|  |TAMS 0x000000075e400000, 0x000000075e200000| Complete 
| 344|0x000000075e400000, 0x000000075e600000, 0x000000075e600000|100%| O|  |TAMS 0x000000075e600000, 0x000000075e400000| Complete 
| 345|0x000000075e600000, 0x000000075e800000, 0x000000075e800000|100%| O|  |TAMS 0x000000075e800000, 0x000000075e600000| Complete 
| 346|0x000000075e800000, 0x000000075ea00000, 0x000000075ea00000|100%| O|  |TAMS 0x000000075ea00000, 0x000000075e800000| Complete 
| 347|0x000000075ea00000, 0x000000075ec00000, 0x000000075ec00000|100%| O|  |TAMS 0x000000075ec00000, 0x000000075ea00000| Complete 
| 348|0x000000075ec00000, 0x000000075ee00000, 0x000000075ee00000|100%| O|  |TAMS 0x000000075ee00000, 0x000000075ec00000| Complete 
| 349|0x000000075ee00000, 0x000000075f000000, 0x000000075f000000|100%| O|  |TAMS 0x000000075f000000, 0x000000075ee00000| Complete 
| 350|0x000000075f000000, 0x000000075f000000, 0x000000075f200000|  0%| F|  |TAMS 0x000000075f000000, 0x000000075f000000| Untracked 
| 351|0x000000075f200000, 0x000000075f200000, 0x000000075f400000|  0%| F|  |TAMS 0x000000075f200000, 0x000000075f200000| Untracked 
| 352|0x000000075f400000, 0x000000075f400000, 0x000000075f600000|  0%| F|  |TAMS 0x000000075f400000, 0x000000075f400000| Untracked 
| 353|0x000000075f600000, 0x000000075f600000, 0x000000075f800000|  0%| F|  |TAMS 0x000000075f600000, 0x000000075f600000| Untracked 
| 354|0x000000075f800000, 0x000000075f800000, 0x000000075fa00000|  0%| F|  |TAMS 0x000000075f800000, 0x000000075f800000| Untracked 
| 355|0x000000075fa00000, 0x000000075fa00000, 0x000000075fc00000|  0%| F|  |TAMS 0x000000075fa00000, 0x000000075fa00000| Untracked 
| 356|0x000000075fc00000, 0x000000075fc00000, 0x000000075fe00000|  0%| F|  |TAMS 0x000000075fc00000, 0x000000075fc00000| Untracked 
| 357|0x000000075fe00000, 0x000000075fe00000, 0x0000000760000000|  0%| F|  |TAMS 0x000000075fe00000, 0x000000075fe00000| Untracked 
| 358|0x0000000760000000, 0x0000000760000000, 0x0000000760200000|  0%| F|  |TAMS 0x0000000760000000, 0x0000000760000000| Untracked 
| 359|0x0000000760200000, 0x0000000760200000, 0x0000000760400000|  0%| F|  |TAMS 0x0000000760200000, 0x0000000760200000| Untracked 
| 360|0x0000000760400000, 0x0000000760400000, 0x0000000760600000|  0%| F|  |TAMS 0x0000000760400000, 0x0000000760400000| Untracked 
| 361|0x0000000760600000, 0x0000000760600000, 0x0000000760800000|  0%| F|  |TAMS 0x0000000760600000, 0x0000000760600000| Untracked 
| 362|0x0000000760800000, 0x0000000760800000, 0x0000000760a00000|  0%| F|  |TAMS 0x0000000760800000, 0x0000000760800000| Untracked 
| 363|0x0000000760a00000, 0x0000000760a00000, 0x0000000760c00000|  0%| F|  |TAMS 0x0000000760a00000, 0x0000000760a00000| Untracked 
| 364|0x0000000760c00000, 0x0000000760c00000, 0x0000000760e00000|  0%| F|  |TAMS 0x0000000760c00000, 0x0000000760c00000| Untracked 
| 365|0x0000000760e00000, 0x0000000760e00000, 0x0000000761000000|  0%| F|  |TAMS 0x0000000760e00000, 0x0000000760e00000| Untracked 
| 366|0x0000000761000000, 0x0000000761000000, 0x0000000761200000|  0%| F|  |TAMS 0x0000000761000000, 0x0000000761000000| Untracked 
| 367|0x0000000761200000, 0x0000000761200000, 0x0000000761400000|  0%| F|  |TAMS 0x0000000761200000, 0x0000000761200000| Untracked 
| 368|0x0000000761400000, 0x0000000761400000, 0x0000000761600000|  0%| F|  |TAMS 0x0000000761400000, 0x0000000761400000| Untracked 
| 369|0x0000000761600000, 0x0000000761600000, 0x0000000761800000|  0%| F|  |TAMS 0x0000000761600000, 0x0000000761600000| Untracked 
| 370|0x0000000761800000, 0x0000000761800000, 0x0000000761a00000|  0%| F|  |TAMS 0x0000000761800000, 0x0000000761800000| Untracked 
| 371|0x0000000761a00000, 0x0000000761a00000, 0x0000000761c00000|  0%| F|  |TAMS 0x0000000761a00000, 0x0000000761a00000| Untracked 
| 372|0x0000000761c00000, 0x0000000761c00000, 0x0000000761e00000|  0%| F|  |TAMS 0x0000000761c00000, 0x0000000761c00000| Untracked 
| 373|0x0000000761e00000, 0x0000000761e00000, 0x0000000762000000|  0%| F|  |TAMS 0x0000000761e00000, 0x0000000761e00000| Untracked 
| 374|0x0000000762000000, 0x0000000762000000, 0x0000000762200000|  0%| F|  |TAMS 0x0000000762000000, 0x0000000762000000| Untracked 
| 375|0x0000000762200000, 0x0000000762200000, 0x0000000762400000|  0%| F|  |TAMS 0x0000000762200000, 0x0000000762200000| Untracked 
| 376|0x0000000762400000, 0x0000000762400000, 0x0000000762600000|  0%| F|  |TAMS 0x0000000762400000, 0x0000000762400000| Untracked 
| 377|0x0000000762600000, 0x0000000762600000, 0x0000000762800000|  0%| F|  |TAMS 0x0000000762600000, 0x0000000762600000| Untracked 
| 378|0x0000000762800000, 0x0000000762800000, 0x0000000762a00000|  0%| F|  |TAMS 0x0000000762800000, 0x0000000762800000| Untracked 
| 379|0x0000000762a00000, 0x0000000762a00000, 0x0000000762c00000|  0%| F|  |TAMS 0x0000000762a00000, 0x0000000762a00000| Untracked 
| 380|0x0000000762c00000, 0x0000000762c00000, 0x0000000762e00000|  0%| F|  |TAMS 0x0000000762c00000, 0x0000000762c00000| Untracked 
| 381|0x0000000762e00000, 0x0000000762e00000, 0x0000000763000000|  0%| F|  |TAMS 0x0000000762e00000, 0x0000000762e00000| Untracked 
| 382|0x0000000763000000, 0x0000000763000000, 0x0000000763200000|  0%| F|  |TAMS 0x0000000763000000, 0x0000000763000000| Untracked 
| 383|0x0000000763200000, 0x0000000763200000, 0x0000000763400000|  0%| F|  |TAMS 0x0000000763200000, 0x0000000763200000| Untracked 
| 384|0x0000000763400000, 0x0000000763600000, 0x0000000763600000|100%| O|  |TAMS 0x0000000763600000, 0x0000000763400000| Complete 
| 385|0x0000000763600000, 0x0000000763600000, 0x0000000763800000|  0%| F|  |TAMS 0x0000000763600000, 0x0000000763600000| Untracked 
| 386|0x0000000763800000, 0x0000000763800000, 0x0000000763a00000|  0%| F|  |TAMS 0x0000000763800000, 0x0000000763800000| Untracked 
| 387|0x0000000763a00000, 0x0000000763a00000, 0x0000000763c00000|  0%| F|  |TAMS 0x0000000763a00000, 0x0000000763a00000| Untracked 
| 388|0x0000000763c00000, 0x0000000763c00000, 0x0000000763e00000|  0%| F|  |TAMS 0x0000000763c00000, 0x0000000763c00000| Untracked 
| 389|0x0000000763e00000, 0x0000000763e00000, 0x0000000764000000|  0%| F|  |TAMS 0x0000000763e00000, 0x0000000763e00000| Untracked 
| 390|0x0000000764000000, 0x0000000764000000, 0x0000000764200000|  0%| F|  |TAMS 0x0000000764000000, 0x0000000764000000| Untracked 
| 391|0x0000000764200000, 0x0000000764400000, 0x0000000764400000|100%| O|  |TAMS 0x0000000764400000, 0x0000000764200000| Complete 
| 392|0x0000000764400000, 0x0000000764400000, 0x0000000764600000|  0%| F|  |TAMS 0x0000000764400000, 0x0000000764400000| Untracked 
| 393|0x0000000764600000, 0x0000000764800000, 0x0000000764800000|100%| O|  |TAMS 0x0000000764800000, 0x0000000764600000| Complete 
| 394|0x0000000764800000, 0x0000000764a00000, 0x0000000764a00000|100%| O|  |TAMS 0x0000000764a00000, 0x0000000764800000| Complete 
| 395|0x0000000764a00000, 0x0000000764c00000, 0x0000000764c00000|100%| O|  |TAMS 0x0000000764c00000, 0x0000000764a00000| Complete 
| 396|0x0000000764c00000, 0x0000000764c00000, 0x0000000764e00000|  0%| F|  |TAMS 0x0000000764c00000, 0x0000000764c00000| Untracked 
| 397|0x0000000764e00000, 0x0000000765000000, 0x0000000765000000|100%| O|  |TAMS 0x0000000765000000, 0x0000000764e00000| Untracked 
| 398|0x0000000765000000, 0x0000000765200000, 0x0000000765200000|100%| O|  |TAMS 0x0000000765200000, 0x0000000765000000| Complete 
| 399|0x0000000765200000, 0x0000000765400000, 0x0000000765400000|100%| O|  |TAMS 0x0000000765400000, 0x0000000765200000| Untracked 
| 400|0x0000000765400000, 0x0000000765600000, 0x0000000765600000|100%| O|  |TAMS 0x0000000765600000, 0x0000000765400000| Complete 
| 401|0x0000000765600000, 0x0000000765800000, 0x0000000765800000|100%| O|  |TAMS 0x0000000765800000, 0x0000000765600000| Complete 
| 402|0x0000000765800000, 0x0000000765a00000, 0x0000000765a00000|100%| O|  |TAMS 0x0000000765a00000, 0x0000000765800000| Complete 
| 403|0x0000000765a00000, 0x0000000765c00000, 0x0000000765c00000|100%| O|  |TAMS 0x0000000765c00000, 0x0000000765a00000| Complete 
| 404|0x0000000765c00000, 0x0000000765e00000, 0x0000000765e00000|100%| O|  |TAMS 0x0000000765e00000, 0x0000000765c00000| Complete 
| 405|0x0000000765e00000, 0x0000000766000000, 0x0000000766000000|100%| O|  |TAMS 0x0000000766000000, 0x0000000765e00000| Complete 
| 406|0x0000000766000000, 0x0000000766200000, 0x0000000766200000|100%| O|  |TAMS 0x0000000766200000, 0x0000000766000000| Complete 
| 407|0x0000000766200000, 0x0000000766400000, 0x0000000766400000|100%| O|  |TAMS 0x0000000766400000, 0x0000000766200000| Complete 
| 408|0x0000000766400000, 0x0000000766600000, 0x0000000766600000|100%| O|  |TAMS 0x0000000766600000, 0x0000000766400000| Complete 
| 409|0x0000000766600000, 0x0000000766800000, 0x0000000766800000|100%| O|  |TAMS 0x0000000766800000, 0x0000000766600000| Complete 
| 410|0x0000000766800000, 0x0000000766800000, 0x0000000766a00000|  0%| F|  |TAMS 0x0000000766800000, 0x0000000766800000| Untracked 
| 411|0x0000000766a00000, 0x0000000766a00000, 0x0000000766c00000|  0%| F|  |TAMS 0x0000000766a00000, 0x0000000766a00000| Untracked 
| 412|0x0000000766c00000, 0x0000000766c00000, 0x0000000766e00000|  0%| F|  |TAMS 0x0000000766c00000, 0x0000000766c00000| Untracked 
| 413|0x0000000766e00000, 0x0000000767000000, 0x0000000767000000|100%| O|  |TAMS 0x0000000767000000, 0x0000000766e00000| Complete 
| 414|0x0000000767000000, 0x0000000767000000, 0x0000000767200000|  0%| F|  |TAMS 0x0000000767000000, 0x0000000767000000| Untracked 
| 415|0x0000000767200000, 0x0000000767200000, 0x0000000767400000|  0%| F|  |TAMS 0x0000000767200000, 0x0000000767200000| Untracked 
| 416|0x0000000767400000, 0x0000000767600000, 0x0000000767600000|100%| O|  |TAMS 0x0000000767600000, 0x0000000767400000| Complete 
| 417|0x0000000767600000, 0x0000000767600000, 0x0000000767800000|  0%| F|  |TAMS 0x0000000767600000, 0x0000000767600000| Untracked 
| 418|0x0000000767800000, 0x0000000767a00000, 0x0000000767a00000|100%| O|  |TAMS 0x0000000767a00000, 0x0000000767800000| Complete 
| 419|0x0000000767a00000, 0x0000000767c00000, 0x0000000767c00000|100%| O|  |TAMS 0x0000000767c00000, 0x0000000767a00000| Complete 
| 420|0x0000000767c00000, 0x0000000767e00000, 0x0000000767e00000|100%| O|  |TAMS 0x0000000767e00000, 0x0000000767c00000| Complete 
| 421|0x0000000767e00000, 0x0000000768000000, 0x0000000768000000|100%| O|  |TAMS 0x0000000768000000, 0x0000000767e00000| Complete 
| 422|0x0000000768000000, 0x0000000768200000, 0x0000000768200000|100%| O|  |TAMS 0x0000000768200000, 0x0000000768000000| Complete 
| 423|0x0000000768200000, 0x0000000768200000, 0x0000000768400000|  0%| F|  |TAMS 0x0000000768200000, 0x0000000768200000| Untracked 
| 424|0x0000000768400000, 0x0000000768600000, 0x0000000768600000|100%| O|  |TAMS 0x0000000768600000, 0x0000000768400000| Complete 
| 425|0x0000000768600000, 0x0000000768600000, 0x0000000768800000|  0%| F|  |TAMS 0x0000000768600000, 0x0000000768600000| Untracked 
| 426|0x0000000768800000, 0x0000000768a00000, 0x0000000768a00000|100%| O|  |TAMS 0x0000000768a00000, 0x0000000768800000| Complete 
| 427|0x0000000768a00000, 0x0000000768c00000, 0x0000000768c00000|100%| O|  |TAMS 0x0000000768c00000, 0x0000000768a00000| Complete 
| 428|0x0000000768c00000, 0x0000000768e00000, 0x0000000768e00000|100%| O|  |TAMS 0x0000000768e00000, 0x0000000768c00000| Complete 
| 429|0x0000000768e00000, 0x0000000769000000, 0x0000000769000000|100%| O|  |TAMS 0x0000000769000000, 0x0000000768e00000| Complete 
| 430|0x0000000769000000, 0x0000000769200000, 0x0000000769200000|100%| O|  |TAMS 0x0000000769200000, 0x0000000769000000| Complete 
| 431|0x0000000769200000, 0x0000000769400000, 0x0000000769400000|100%| O|  |TAMS 0x0000000769400000, 0x0000000769200000| Complete 
| 432|0x0000000769400000, 0x0000000769600000, 0x0000000769600000|100%| O|  |TAMS 0x0000000769600000, 0x0000000769400000| Complete 
| 433|0x0000000769600000, 0x0000000769800000, 0x0000000769800000|100%| O|  |TAMS 0x0000000769800000, 0x0000000769600000| Complete 
| 434|0x0000000769800000, 0x0000000769a00000, 0x0000000769a00000|100%| O|  |TAMS 0x0000000769a00000, 0x0000000769800000| Complete 
| 435|0x0000000769a00000, 0x0000000769c00000, 0x0000000769c00000|100%| O|  |TAMS 0x0000000769c00000, 0x0000000769a00000| Complete 
| 436|0x0000000769c00000, 0x0000000769e00000, 0x0000000769e00000|100%| O|  |TAMS 0x0000000769e00000, 0x0000000769c00000| Complete 
| 437|0x0000000769e00000, 0x000000076a000000, 0x000000076a000000|100%| O|  |TAMS 0x000000076a000000, 0x0000000769e00000| Complete 
| 438|0x000000076a000000, 0x000000076a200000, 0x000000076a200000|100%| O|  |TAMS 0x000000076a200000, 0x000000076a000000| Complete 
| 439|0x000000076a200000, 0x000000076a400000, 0x000000076a400000|100%| O|  |TAMS 0x000000076a400000, 0x000000076a200000| Complete 
| 440|0x000000076a400000, 0x000000076a600000, 0x000000076a600000|100%| O|  |TAMS 0x000000076a600000, 0x000000076a400000| Complete 
| 441|0x000000076a600000, 0x000000076a800000, 0x000000076a800000|100%| O|  |TAMS 0x000000076a800000, 0x000000076a600000| Complete 
| 442|0x000000076a800000, 0x000000076aa00000, 0x000000076aa00000|100%| O|  |TAMS 0x000000076aa00000, 0x000000076a800000| Complete 
| 443|0x000000076aa00000, 0x000000076ac00000, 0x000000076ac00000|100%| O|  |TAMS 0x000000076ac00000, 0x000000076aa00000| Complete 
| 444|0x000000076ac00000, 0x000000076ac00000, 0x000000076ae00000|  0%| F|  |TAMS 0x000000076ac00000, 0x000000076ac00000| Untracked 
| 445|0x000000076ae00000, 0x000000076ae00000, 0x000000076b000000|  0%| F|  |TAMS 0x000000076ae00000, 0x000000076ae00000| Untracked 
| 446|0x000000076b000000, 0x000000076b200000, 0x000000076b200000|100%| O|  |TAMS 0x000000076b200000, 0x000000076b000000| Complete 
| 447|0x000000076b200000, 0x000000076b200000, 0x000000076b400000|  0%| F|  |TAMS 0x000000076b200000, 0x000000076b200000| Untracked 
| 448|0x000000076b400000, 0x000000076b600000, 0x000000076b600000|100%| O|  |TAMS 0x000000076b600000, 0x000000076b400000| Complete 
| 449|0x000000076b600000, 0x000000076b600000, 0x000000076b800000|  0%| F|  |TAMS 0x000000076b600000, 0x000000076b600000| Untracked 
| 450|0x000000076b800000, 0x000000076ba00000, 0x000000076ba00000|100%| O|  |TAMS 0x000000076ba00000, 0x000000076b800000| Complete 
| 451|0x000000076ba00000, 0x000000076bc00000, 0x000000076bc00000|100%| O|  |TAMS 0x000000076bc00000, 0x000000076ba00000| Complete 
| 452|0x000000076bc00000, 0x000000076be00000, 0x000000076be00000|100%| O|  |TAMS 0x000000076be00000, 0x000000076bc00000| Untracked 
| 453|0x000000076be00000, 0x000000076c000000, 0x000000076c000000|100%| O|  |TAMS 0x000000076c000000, 0x000000076be00000| Untracked 
| 454|0x000000076c000000, 0x000000076c200000, 0x000000076c200000|100%| O|  |TAMS 0x000000076c200000, 0x000000076c000000| Untracked 
| 455|0x000000076c200000, 0x000000076c400000, 0x000000076c400000|100%| O|  |TAMS 0x000000076c400000, 0x000000076c200000| Untracked 
| 456|0x000000076c400000, 0x000000076c600000, 0x000000076c600000|100%| O|  |TAMS 0x000000076c600000, 0x000000076c400000| Untracked 
| 457|0x000000076c600000, 0x000000076c800000, 0x000000076c800000|100%| O|  |TAMS 0x000000076c800000, 0x000000076c600000| Untracked 
| 458|0x000000076c800000, 0x000000076ca00000, 0x000000076ca00000|100%| O|  |TAMS 0x000000076ca00000, 0x000000076c800000| Untracked 
| 459|0x000000076ca00000, 0x000000076cc00000, 0x000000076cc00000|100%| O|  |TAMS 0x000000076cc00000, 0x000000076ca00000| Untracked 
| 460|0x000000076cc00000, 0x000000076ce00000, 0x000000076ce00000|100%| O|  |TAMS 0x000000076ce00000, 0x000000076cc00000| Untracked 
| 461|0x000000076ce00000, 0x000000076d000000, 0x000000076d000000|100%| O|  |TAMS 0x000000076d000000, 0x000000076ce00000| Untracked 
| 462|0x000000076d000000, 0x000000076d200000, 0x000000076d200000|100%| O|  |TAMS 0x000000076d200000, 0x000000076d000000| Untracked 
| 463|0x000000076d200000, 0x000000076d400000, 0x000000076d400000|100%| O|  |TAMS 0x000000076d400000, 0x000000076d200000| Untracked 
| 464|0x000000076d400000, 0x000000076d600000, 0x000000076d600000|100%| O|  |TAMS 0x000000076d600000, 0x000000076d400000| Untracked 
| 465|0x000000076d600000, 0x000000076d800000, 0x000000076d800000|100%| O|  |TAMS 0x000000076d800000, 0x000000076d600000| Untracked 
| 466|0x000000076d800000, 0x000000076da00000, 0x000000076da00000|100%| O|  |TAMS 0x000000076da00000, 0x000000076d800000| Untracked 
| 467|0x000000076da00000, 0x000000076dc00000, 0x000000076dc00000|100%| O|  |TAMS 0x000000076dc00000, 0x000000076da00000| Untracked 
| 468|0x000000076dc00000, 0x000000076de00000, 0x000000076de00000|100%| O|  |TAMS 0x000000076de00000, 0x000000076dc00000| Untracked 
| 469|0x000000076de00000, 0x000000076e000000, 0x000000076e000000|100%| O|  |TAMS 0x000000076e000000, 0x000000076de00000| Complete 
| 470|0x000000076e000000, 0x000000076e200000, 0x000000076e200000|100%| O|  |TAMS 0x000000076e200000, 0x000000076e000000| Complete 
| 471|0x000000076e200000, 0x000000076e400000, 0x000000076e400000|100%| O|  |TAMS 0x000000076e400000, 0x000000076e200000| Complete 
| 472|0x000000076e400000, 0x000000076e600000, 0x000000076e600000|100%| O|  |TAMS 0x000000076e600000, 0x000000076e400000| Complete 
| 473|0x000000076e600000, 0x000000076e800000, 0x000000076e800000|100%| O|  |TAMS 0x000000076e800000, 0x000000076e600000| Complete 
| 474|0x000000076e800000, 0x000000076ea00000, 0x000000076ea00000|100%| O|  |TAMS 0x000000076ea00000, 0x000000076e800000| Complete 
| 475|0x000000076ea00000, 0x000000076ec00000, 0x000000076ec00000|100%| O|  |TAMS 0x000000076ec00000, 0x000000076ea00000| Complete 
| 476|0x000000076ec00000, 0x000000076ee00000, 0x000000076ee00000|100%| O|  |TAMS 0x000000076ee00000, 0x000000076ec00000| Complete 
| 477|0x000000076ee00000, 0x000000076f000000, 0x000000076f000000|100%| O|  |TAMS 0x000000076f000000, 0x000000076ee00000| Complete 
| 478|0x000000076f000000, 0x000000076f200000, 0x000000076f200000|100%| O|  |TAMS 0x000000076f200000, 0x000000076f000000| Complete 
| 479|0x000000076f200000, 0x000000076f400000, 0x000000076f400000|100%| O|  |TAMS 0x000000076f400000, 0x000000076f200000| Complete 
| 480|0x000000076f400000, 0x000000076f600000, 0x000000076f600000|100%| O|  |TAMS 0x000000076f600000, 0x000000076f400000| Complete 
| 481|0x000000076f600000, 0x000000076f800000, 0x000000076f800000|100%| O|  |TAMS 0x000000076f800000, 0x000000076f600000| Complete 
| 482|0x000000076f800000, 0x000000076f800000, 0x000000076fa00000|  0%| F|  |TAMS 0x000000076f800000, 0x000000076f800000| Untracked 
| 483|0x000000076fa00000, 0x000000076fc00000, 0x000000076fc00000|100%| O|  |TAMS 0x000000076fc00000, 0x000000076fa00000| Untracked 
| 484|0x000000076fc00000, 0x000000076fe00000, 0x000000076fe00000|100%| O|  |TAMS 0x000000076fe00000, 0x000000076fc00000| Untracked 
| 485|0x000000076fe00000, 0x0000000770000000, 0x0000000770000000|100%| O|  |TAMS 0x0000000770000000, 0x000000076fe00000| Untracked 
| 486|0x0000000770000000, 0x0000000770200000, 0x0000000770200000|100%| O|  |TAMS 0x0000000770200000, 0x0000000770000000| Untracked 
| 487|0x0000000770200000, 0x0000000770400000, 0x0000000770400000|100%| O|  |TAMS 0x0000000770400000, 0x0000000770200000| Untracked 
| 488|0x0000000770400000, 0x0000000770600000, 0x0000000770600000|100%| O|  |TAMS 0x0000000770600000, 0x0000000770400000| Untracked 
| 489|0x0000000770600000, 0x0000000770800000, 0x0000000770800000|100%| O|  |TAMS 0x0000000770800000, 0x0000000770600000| Untracked 
| 490|0x0000000770800000, 0x0000000770a00000, 0x0000000770a00000|100%| O|  |TAMS 0x0000000770a00000, 0x0000000770800000| Untracked 
| 491|0x0000000770a00000, 0x0000000770c00000, 0x0000000770c00000|100%| O|  |TAMS 0x0000000770c00000, 0x0000000770a00000| Untracked 
| 492|0x0000000770c00000, 0x0000000770e00000, 0x0000000770e00000|100%| O|  |TAMS 0x0000000770e00000, 0x0000000770c00000| Untracked 
| 493|0x0000000770e00000, 0x0000000771000000, 0x0000000771000000|100%| O|  |TAMS 0x0000000771000000, 0x0000000770e00000| Untracked 
| 494|0x0000000771000000, 0x0000000771200000, 0x0000000771200000|100%| O|  |TAMS 0x0000000771200000, 0x0000000771000000| Untracked 
| 495|0x0000000771200000, 0x0000000771400000, 0x0000000771400000|100%| O|  |TAMS 0x0000000771400000, 0x0000000771200000| Untracked 
| 496|0x0000000771400000, 0x0000000771600000, 0x0000000771600000|100%| O|  |TAMS 0x0000000771600000, 0x0000000771400000| Untracked 
| 497|0x0000000771600000, 0x0000000771800000, 0x0000000771800000|100%| O|  |TAMS 0x0000000771800000, 0x0000000771600000| Untracked 
| 498|0x0000000771800000, 0x0000000771a00000, 0x0000000771a00000|100%| O|  |TAMS 0x0000000771800000, 0x0000000771800000| Untracked 
| 499|0x0000000771a00000, 0x0000000771c00000, 0x0000000771c00000|100%| O|  |TAMS 0x0000000771a00000, 0x0000000771a00000| Untracked 
| 500|0x0000000771c00000, 0x0000000771e00000, 0x0000000771e00000|100%| O|  |TAMS 0x0000000771c00000, 0x0000000771c00000| Untracked 
| 501|0x0000000771e00000, 0x0000000772000000, 0x0000000772000000|100%|HS|  |TAMS 0x0000000772000000, 0x0000000771e00000| Complete 
| 502|0x0000000772000000, 0x0000000772200000, 0x0000000772200000|100%| O|  |TAMS 0x0000000772000000, 0x0000000772000000| Untracked 
| 503|0x0000000772200000, 0x0000000772400000, 0x0000000772400000|100%| O|  |TAMS 0x0000000772200000, 0x0000000772200000| Untracked 
| 504|0x0000000772400000, 0x0000000772600000, 0x0000000772600000|100%| O|  |TAMS 0x0000000772400000, 0x0000000772400000| Untracked 
| 505|0x0000000772600000, 0x0000000772800000, 0x0000000772800000|100%| O|  |TAMS 0x0000000772600000, 0x0000000772600000| Untracked 
| 506|0x0000000772800000, 0x0000000772a00000, 0x0000000772a00000|100%|HS|  |TAMS 0x0000000772a00000, 0x0000000772800000| Complete 
| 507|0x0000000772a00000, 0x0000000772c00000, 0x0000000772c00000|100%|HS|  |TAMS 0x0000000772c00000, 0x0000000772a00000| Complete 
| 508|0x0000000772c00000, 0x0000000772e00000, 0x0000000772e00000|100%| O|  |TAMS 0x0000000772e00000, 0x0000000772c00000| Untracked 
| 509|0x0000000772e00000, 0x0000000773000000, 0x0000000773000000|100%| O|  |TAMS 0x0000000773000000, 0x0000000772e00000| Untracked 
| 510|0x0000000773000000, 0x0000000773200000, 0x0000000773200000|100%| O|  |TAMS 0x0000000773200000, 0x0000000773000000| Untracked 
| 511|0x0000000773200000, 0x0000000773400000, 0x0000000773400000|100%| O|  |TAMS 0x0000000773400000, 0x0000000773200000| Untracked 
| 512|0x0000000773400000, 0x0000000773600000, 0x0000000773600000|100%| O|  |TAMS 0x0000000773600000, 0x0000000773400000| Untracked 
| 513|0x0000000773600000, 0x0000000773800000, 0x0000000773800000|100%| O|  |TAMS 0x0000000773800000, 0x0000000773600000| Untracked 
| 514|0x0000000773800000, 0x0000000773a00000, 0x0000000773a00000|100%| O|  |TAMS 0x0000000773a00000, 0x0000000773800000| Untracked 
| 515|0x0000000773a00000, 0x0000000773c00000, 0x0000000773c00000|100%| O|  |TAMS 0x0000000773c00000, 0x0000000773a00000| Untracked 
| 516|0x0000000773c00000, 0x0000000773e00000, 0x0000000773e00000|100%| O|  |TAMS 0x0000000773e00000, 0x0000000773c00000| Untracked 
| 517|0x0000000773e00000, 0x0000000774000000, 0x0000000774000000|100%| O|  |TAMS 0x0000000774000000, 0x0000000773e00000| Untracked 
| 518|0x0000000774000000, 0x0000000774200000, 0x0000000774200000|100%| O|  |TAMS 0x0000000774200000, 0x0000000774000000| Untracked 
| 519|0x0000000774200000, 0x0000000774400000, 0x0000000774400000|100%| O|  |TAMS 0x0000000774400000, 0x0000000774200000| Untracked 
| 520|0x0000000774400000, 0x0000000774600000, 0x0000000774600000|100%| O|  |TAMS 0x0000000774600000, 0x0000000774400000| Untracked 
| 521|0x0000000774600000, 0x0000000774800000, 0x0000000774800000|100%| O|  |TAMS 0x0000000774800000, 0x0000000774600000| Untracked 
| 522|0x0000000774800000, 0x0000000774a00000, 0x0000000774a00000|100%| O|  |TAMS 0x0000000774a00000, 0x0000000774800000| Untracked 
| 523|0x0000000774a00000, 0x0000000774c00000, 0x0000000774c00000|100%| O|  |TAMS 0x0000000774c00000, 0x0000000774a00000| Untracked 
| 524|0x0000000774c00000, 0x0000000774e00000, 0x0000000774e00000|100%| O|  |TAMS 0x0000000774e00000, 0x0000000774c00000| Untracked 
| 525|0x0000000774e00000, 0x0000000775000000, 0x0000000775000000|100%| O|  |TAMS 0x0000000775000000, 0x0000000774e00000| Untracked 
| 526|0x0000000775000000, 0x0000000775200000, 0x0000000775200000|100%| O|  |TAMS 0x0000000775200000, 0x0000000775000000| Untracked 
| 527|0x0000000775200000, 0x0000000775400000, 0x0000000775400000|100%| O|  |TAMS 0x0000000775400000, 0x0000000775200000| Untracked 
| 528|0x0000000775400000, 0x0000000775600000, 0x0000000775600000|100%| O|  |TAMS 0x0000000775600000, 0x0000000775400000| Untracked 
| 529|0x0000000775600000, 0x0000000775800000, 0x0000000775800000|100%| O|  |TAMS 0x0000000775800000, 0x0000000775600000| Untracked 
| 530|0x0000000775800000, 0x0000000775a00000, 0x0000000775a00000|100%| O|  |TAMS 0x0000000775a00000, 0x0000000775800000| Untracked 
| 531|0x0000000775a00000, 0x0000000775c00000, 0x0000000775c00000|100%| O|  |TAMS 0x0000000775c00000, 0x0000000775a00000| Complete 
| 532|0x0000000775c00000, 0x0000000775e00000, 0x0000000775e00000|100%| O|  |TAMS 0x0000000775e00000, 0x0000000775c00000| Untracked 
| 533|0x0000000775e00000, 0x0000000776000000, 0x0000000776000000|100%| O|  |TAMS 0x0000000776000000, 0x0000000775e00000| Untracked 
| 534|0x0000000776000000, 0x0000000776200000, 0x0000000776200000|100%| O|  |TAMS 0x0000000776200000, 0x0000000776000000| Untracked 
| 535|0x0000000776200000, 0x0000000776400000, 0x0000000776400000|100%| O|  |TAMS 0x0000000776400000, 0x0000000776200000| Untracked 
| 536|0x0000000776400000, 0x0000000776600000, 0x0000000776600000|100%| O|  |TAMS 0x0000000776600000, 0x0000000776400000| Untracked 
| 537|0x0000000776600000, 0x0000000776800000, 0x0000000776800000|100%| O|  |TAMS 0x0000000776800000, 0x0000000776600000| Complete 
| 538|0x0000000776800000, 0x0000000776800000, 0x0000000776a00000|  0%| F|  |TAMS 0x0000000776800000, 0x0000000776800000| Untracked 
| 539|0x0000000776a00000, 0x0000000776a00000, 0x0000000776c00000|  0%| F|  |TAMS 0x0000000776a00000, 0x0000000776a00000| Untracked 
| 540|0x0000000776c00000, 0x0000000776c00000, 0x0000000776e00000|  0%| F|  |TAMS 0x0000000776c00000, 0x0000000776c00000| Untracked 
| 541|0x0000000776e00000, 0x0000000776e00000, 0x0000000777000000|  0%| F|  |TAMS 0x0000000776e00000, 0x0000000776e00000| Untracked 
| 542|0x0000000777000000, 0x0000000777000000, 0x0000000777200000|  0%| F|  |TAMS 0x0000000777000000, 0x0000000777000000| Untracked 
| 543|0x0000000777200000, 0x0000000777200000, 0x0000000777400000|  0%| F|  |TAMS 0x0000000777200000, 0x0000000777200000| Untracked 
| 544|0x0000000777400000, 0x0000000777400000, 0x0000000777600000|  0%| F|  |TAMS 0x0000000777400000, 0x0000000777400000| Untracked 
| 545|0x0000000777600000, 0x0000000777600000, 0x0000000777800000|  0%| F|  |TAMS 0x0000000777600000, 0x0000000777600000| Untracked 
| 546|0x0000000777800000, 0x0000000777800000, 0x0000000777a00000|  0%| F|  |TAMS 0x0000000777800000, 0x0000000777800000| Untracked 
| 547|0x0000000777a00000, 0x0000000777a00000, 0x0000000777c00000|  0%| F|  |TAMS 0x0000000777a00000, 0x0000000777a00000| Untracked 
| 548|0x0000000777c00000, 0x0000000777c00000, 0x0000000777e00000|  0%| F|  |TAMS 0x0000000777c00000, 0x0000000777c00000| Untracked 
| 549|0x0000000777e00000, 0x0000000777e00000, 0x0000000778000000|  0%| F|  |TAMS 0x0000000777e00000, 0x0000000777e00000| Untracked 
| 550|0x0000000778000000, 0x0000000778000000, 0x0000000778200000|  0%| F|  |TAMS 0x0000000778000000, 0x0000000778000000| Untracked 
| 551|0x0000000778200000, 0x0000000778200000, 0x0000000778400000|  0%| F|  |TAMS 0x0000000778200000, 0x0000000778200000| Untracked 
| 552|0x0000000778400000, 0x0000000778400000, 0x0000000778600000|  0%| F|  |TAMS 0x0000000778400000, 0x0000000778400000| Untracked 
| 553|0x0000000778600000, 0x0000000778600000, 0x0000000778800000|  0%| F|  |TAMS 0x0000000778600000, 0x0000000778600000| Untracked 
| 554|0x0000000778800000, 0x0000000778800000, 0x0000000778a00000|  0%| F|  |TAMS 0x0000000778800000, 0x0000000778800000| Untracked 
| 555|0x0000000778a00000, 0x0000000778c00000, 0x0000000778c00000|100%| O|  |TAMS 0x0000000778a00000, 0x0000000778a00000| Untracked 
| 556|0x0000000778c00000, 0x0000000778e00000, 0x0000000778e00000|100%| O|  |TAMS 0x0000000778c00000, 0x0000000778c00000| Untracked 
| 557|0x0000000778e00000, 0x0000000779000000, 0x0000000779000000|100%| O|  |TAMS 0x0000000778e00000, 0x0000000778e00000| Untracked 
| 558|0x0000000779000000, 0x0000000779200000, 0x0000000779200000|100%| O|  |TAMS 0x0000000779000000, 0x0000000779000000| Untracked 
| 559|0x0000000779200000, 0x0000000779400000, 0x0000000779400000|100%| O|  |TAMS 0x0000000779200000, 0x0000000779200000| Untracked 
| 560|0x0000000779400000, 0x0000000779600000, 0x0000000779600000|100%| O|  |TAMS 0x0000000779400000, 0x0000000779400000| Untracked 
| 561|0x0000000779600000, 0x0000000779800000, 0x0000000779800000|100%| O|  |TAMS 0x0000000779600000, 0x0000000779600000| Untracked 
| 562|0x0000000779800000, 0x0000000779a00000, 0x0000000779a00000|100%| O|  |TAMS 0x0000000779800000, 0x0000000779800000| Untracked 
| 563|0x0000000779a00000, 0x0000000779a00000, 0x0000000779c00000|  0%| F|  |TAMS 0x0000000779a00000, 0x0000000779a00000| Untracked 
| 564|0x0000000779c00000, 0x0000000779c00000, 0x0000000779e00000|  0%| F|  |TAMS 0x0000000779c00000, 0x0000000779c00000| Untracked 
| 565|0x0000000779e00000, 0x0000000779e00000, 0x000000077a000000|  0%| F|  |TAMS 0x0000000779e00000, 0x0000000779e00000| Untracked 
| 566|0x000000077a000000, 0x000000077a000000, 0x000000077a200000|  0%| F|  |TAMS 0x000000077a000000, 0x000000077a000000| Untracked 
| 567|0x000000077a200000, 0x000000077a200000, 0x000000077a400000|  0%| F|  |TAMS 0x000000077a200000, 0x000000077a200000| Untracked 
| 568|0x000000077a400000, 0x000000077a400000, 0x000000077a600000|  0%| F|  |TAMS 0x000000077a400000, 0x000000077a400000| Untracked 
| 569|0x000000077a600000, 0x000000077a600000, 0x000000077a800000|  0%| F|  |TAMS 0x000000077a600000, 0x000000077a600000| Untracked 
| 570|0x000000077a800000, 0x000000077a800000, 0x000000077aa00000|  0%| F|  |TAMS 0x000000077a800000, 0x000000077a800000| Untracked 
| 571|0x000000077aa00000, 0x000000077aa00000, 0x000000077ac00000|  0%| F|  |TAMS 0x000000077aa00000, 0x000000077aa00000| Untracked 
| 572|0x000000077ac00000, 0x000000077ac00000, 0x000000077ae00000|  0%| F|  |TAMS 0x000000077ac00000, 0x000000077ac00000| Untracked 
| 573|0x000000077ae00000, 0x000000077ae00000, 0x000000077b000000|  0%| F|  |TAMS 0x000000077ae00000, 0x000000077ae00000| Untracked 
| 574|0x000000077b000000, 0x000000077b000000, 0x000000077b200000|  0%| F|  |TAMS 0x000000077b000000, 0x000000077b000000| Untracked 
| 575|0x000000077b200000, 0x000000077b200000, 0x000000077b400000|  0%| F|  |TAMS 0x000000077b200000, 0x000000077b200000| Untracked 
| 576|0x000000077b400000, 0x000000077b400000, 0x000000077b600000|  0%| F|  |TAMS 0x000000077b400000, 0x000000077b400000| Untracked 
| 577|0x000000077b600000, 0x000000077b600000, 0x000000077b800000|  0%| F|  |TAMS 0x000000077b600000, 0x000000077b600000| Untracked 
| 578|0x000000077b800000, 0x000000077b800000, 0x000000077ba00000|  0%| F|  |TAMS 0x000000077b800000, 0x000000077b800000| Untracked 
| 579|0x000000077ba00000, 0x000000077ba00000, 0x000000077bc00000|  0%| F|  |TAMS 0x000000077ba00000, 0x000000077ba00000| Untracked 
| 580|0x000000077bc00000, 0x000000077bc00000, 0x000000077be00000|  0%| F|  |TAMS 0x000000077bc00000, 0x000000077bc00000| Untracked 
| 581|0x000000077be00000, 0x000000077be00000, 0x000000077c000000|  0%| F|  |TAMS 0x000000077be00000, 0x000000077be00000| Untracked 
| 582|0x000000077c000000, 0x000000077c000000, 0x000000077c200000|  0%| F|  |TAMS 0x000000077c000000, 0x000000077c000000| Untracked 
| 583|0x000000077c200000, 0x000000077c200000, 0x000000077c400000|  0%| F|  |TAMS 0x000000077c200000, 0x000000077c200000| Untracked 
| 584|0x000000077c400000, 0x000000077c400000, 0x000000077c600000|  0%| F|  |TAMS 0x000000077c400000, 0x000000077c400000| Untracked 
| 585|0x000000077c600000, 0x000000077c600000, 0x000000077c800000|  0%| F|  |TAMS 0x000000077c600000, 0x000000077c600000| Untracked 
| 586|0x000000077c800000, 0x000000077c800000, 0x000000077ca00000|  0%| F|  |TAMS 0x000000077c800000, 0x000000077c800000| Untracked 
| 587|0x000000077ca00000, 0x000000077ca00000, 0x000000077cc00000|  0%| F|  |TAMS 0x000000077ca00000, 0x000000077ca00000| Untracked 
| 588|0x000000077cc00000, 0x000000077cc00000, 0x000000077ce00000|  0%| F|  |TAMS 0x000000077cc00000, 0x000000077cc00000| Untracked 
| 589|0x000000077ce00000, 0x000000077ce00000, 0x000000077d000000|  0%| F|  |TAMS 0x000000077ce00000, 0x000000077ce00000| Untracked 
| 590|0x000000077d000000, 0x000000077d000000, 0x000000077d200000|  0%| F|  |TAMS 0x000000077d000000, 0x000000077d000000| Untracked 
| 591|0x000000077d200000, 0x000000077d200000, 0x000000077d400000|  0%| F|  |TAMS 0x000000077d200000, 0x000000077d200000| Untracked 
| 592|0x000000077d400000, 0x000000077d400000, 0x000000077d600000|  0%| F|  |TAMS 0x000000077d400000, 0x000000077d400000| Untracked 
| 593|0x000000077d600000, 0x000000077d600000, 0x000000077d800000|  0%| F|  |TAMS 0x000000077d600000, 0x000000077d600000| Untracked 
| 594|0x000000077d800000, 0x000000077d800000, 0x000000077da00000|  0%| F|  |TAMS 0x000000077d800000, 0x000000077d800000| Untracked 
| 595|0x000000077da00000, 0x000000077da00000, 0x000000077dc00000|  0%| F|  |TAMS 0x000000077da00000, 0x000000077da00000| Untracked 
| 596|0x000000077dc00000, 0x000000077dc00000, 0x000000077de00000|  0%| F|  |TAMS 0x000000077dc00000, 0x000000077dc00000| Untracked 
| 597|0x000000077de00000, 0x000000077de00000, 0x000000077e000000|  0%| F|  |TAMS 0x000000077de00000, 0x000000077de00000| Untracked 
| 598|0x000000077e000000, 0x000000077e000000, 0x000000077e200000|  0%| F|  |TAMS 0x000000077e000000, 0x000000077e000000| Untracked 
| 599|0x000000077e200000, 0x000000077e200000, 0x000000077e400000|  0%| F|  |TAMS 0x000000077e200000, 0x000000077e200000| Untracked 
| 600|0x000000077e400000, 0x000000077e400000, 0x000000077e600000|  0%| F|  |TAMS 0x000000077e400000, 0x000000077e400000| Untracked 
| 601|0x000000077e600000, 0x000000077e600000, 0x000000077e800000|  0%| F|  |TAMS 0x000000077e600000, 0x000000077e600000| Untracked 
| 602|0x000000077e800000, 0x000000077e800000, 0x000000077ea00000|  0%| F|  |TAMS 0x000000077e800000, 0x000000077e800000| Untracked 
| 603|0x000000077ea00000, 0x000000077ea00000, 0x000000077ec00000|  0%| F|  |TAMS 0x000000077ea00000, 0x000000077ea00000| Untracked 
| 604|0x000000077ec00000, 0x000000077ec00000, 0x000000077ee00000|  0%| F|  |TAMS 0x000000077ec00000, 0x000000077ec00000| Untracked 
| 605|0x000000077ee00000, 0x000000077ee00000, 0x000000077f000000|  0%| F|  |TAMS 0x000000077ee00000, 0x000000077ee00000| Untracked 
| 606|0x000000077f000000, 0x000000077f000000, 0x000000077f200000|  0%| F|  |TAMS 0x000000077f000000, 0x000000077f000000| Untracked 
| 607|0x000000077f200000, 0x000000077f200000, 0x000000077f400000|  0%| F|  |TAMS 0x000000077f200000, 0x000000077f200000| Untracked 
| 608|0x000000077f400000, 0x000000077f400000, 0x000000077f600000|  0%| F|  |TAMS 0x000000077f400000, 0x000000077f400000| Untracked 
| 609|0x000000077f600000, 0x000000077f600000, 0x000000077f800000|  0%| F|  |TAMS 0x000000077f600000, 0x000000077f600000| Untracked 
| 610|0x000000077f800000, 0x000000077f800000, 0x000000077fa00000|  0%| F|  |TAMS 0x000000077f800000, 0x000000077f800000| Untracked 
| 611|0x000000077fa00000, 0x000000077fa00000, 0x000000077fc00000|  0%| F|  |TAMS 0x000000077fa00000, 0x000000077fa00000| Untracked 
| 612|0x000000077fc00000, 0x000000077fc00000, 0x000000077fe00000|  0%| F|  |TAMS 0x000000077fc00000, 0x000000077fc00000| Untracked 
| 613|0x000000077fe00000, 0x000000077fe00000, 0x0000000780000000|  0%| F|  |TAMS 0x000000077fe00000, 0x000000077fe00000| Untracked 
| 614|0x0000000780000000, 0x0000000780000000, 0x0000000780200000|  0%| F|  |TAMS 0x0000000780000000, 0x0000000780000000| Untracked 
| 615|0x0000000780200000, 0x0000000780200000, 0x0000000780400000|  0%| F|  |TAMS 0x0000000780200000, 0x0000000780200000| Untracked 
| 616|0x0000000780400000, 0x0000000780400000, 0x0000000780600000|  0%| F|  |TAMS 0x0000000780400000, 0x0000000780400000| Untracked 
| 617|0x0000000780600000, 0x0000000780600000, 0x0000000780800000|  0%| F|  |TAMS 0x0000000780600000, 0x0000000780600000| Untracked 
| 618|0x0000000780800000, 0x0000000780800000, 0x0000000780a00000|  0%| F|  |TAMS 0x0000000780800000, 0x0000000780800000| Untracked 
| 619|0x0000000780a00000, 0x0000000780a00000, 0x0000000780c00000|  0%| F|  |TAMS 0x0000000780a00000, 0x0000000780a00000| Untracked 
| 620|0x0000000780c00000, 0x0000000780c00000, 0x0000000780e00000|  0%| F|  |TAMS 0x0000000780c00000, 0x0000000780c00000| Untracked 
| 621|0x0000000780e00000, 0x0000000780e00000, 0x0000000781000000|  0%| F|  |TAMS 0x0000000780e00000, 0x0000000780e00000| Untracked 
| 622|0x0000000781000000, 0x0000000781000000, 0x0000000781200000|  0%| F|  |TAMS 0x0000000781000000, 0x0000000781000000| Untracked 
| 623|0x0000000781200000, 0x0000000781200000, 0x0000000781400000|  0%| F|  |TAMS 0x0000000781200000, 0x0000000781200000| Untracked 
| 624|0x0000000781400000, 0x0000000781400000, 0x0000000781600000|  0%| F|  |TAMS 0x0000000781400000, 0x0000000781400000| Untracked 
| 625|0x0000000781600000, 0x0000000781600000, 0x0000000781800000|  0%| F|  |TAMS 0x0000000781600000, 0x0000000781600000| Untracked 
| 626|0x0000000781800000, 0x0000000781800000, 0x0000000781a00000|  0%| F|  |TAMS 0x0000000781800000, 0x0000000781800000| Untracked 
| 627|0x0000000781a00000, 0x0000000781a00000, 0x0000000781c00000|  0%| F|  |TAMS 0x0000000781a00000, 0x0000000781a00000| Untracked 
| 628|0x0000000781c00000, 0x0000000781c00000, 0x0000000781e00000|  0%| F|  |TAMS 0x0000000781c00000, 0x0000000781c00000| Untracked 
| 629|0x0000000781e00000, 0x0000000781e00000, 0x0000000782000000|  0%| F|  |TAMS 0x0000000781e00000, 0x0000000781e00000| Untracked 
| 630|0x0000000782000000, 0x0000000782000000, 0x0000000782200000|  0%| F|  |TAMS 0x0000000782000000, 0x0000000782000000| Untracked 
| 631|0x0000000782200000, 0x0000000782200000, 0x0000000782400000|  0%| F|  |TAMS 0x0000000782200000, 0x0000000782200000| Untracked 
| 632|0x0000000782400000, 0x0000000782400000, 0x0000000782600000|  0%| F|  |TAMS 0x0000000782400000, 0x0000000782400000| Untracked 
| 633|0x0000000782600000, 0x0000000782600000, 0x0000000782800000|  0%| F|  |TAMS 0x0000000782600000, 0x0000000782600000| Untracked 
| 634|0x0000000782800000, 0x0000000782800000, 0x0000000782a00000|  0%| F|  |TAMS 0x0000000782800000, 0x0000000782800000| Untracked 
| 635|0x0000000782a00000, 0x0000000782a00000, 0x0000000782c00000|  0%| F|  |TAMS 0x0000000782a00000, 0x0000000782a00000| Untracked 
| 636|0x0000000782c00000, 0x0000000782c00000, 0x0000000782e00000|  0%| F|  |TAMS 0x0000000782c00000, 0x0000000782c00000| Untracked 
| 637|0x0000000782e00000, 0x0000000782e00000, 0x0000000783000000|  0%| F|  |TAMS 0x0000000782e00000, 0x0000000782e00000| Untracked 
| 638|0x0000000783000000, 0x0000000783000000, 0x0000000783200000|  0%| F|  |TAMS 0x0000000783000000, 0x0000000783000000| Untracked 
| 639|0x0000000783200000, 0x0000000783200000, 0x0000000783400000|  0%| F|  |TAMS 0x0000000783200000, 0x0000000783200000| Untracked 
| 640|0x0000000783400000, 0x0000000783400000, 0x0000000783600000|  0%| F|  |TAMS 0x0000000783400000, 0x0000000783400000| Untracked 
| 641|0x0000000783600000, 0x0000000783600000, 0x0000000783800000|  0%| F|  |TAMS 0x0000000783600000, 0x0000000783600000| Untracked 
| 642|0x0000000783800000, 0x0000000783800000, 0x0000000783a00000|  0%| F|  |TAMS 0x0000000783800000, 0x0000000783800000| Untracked 
| 643|0x0000000783a00000, 0x0000000783a00000, 0x0000000783c00000|  0%| F|  |TAMS 0x0000000783a00000, 0x0000000783a00000| Untracked 
| 644|0x0000000783c00000, 0x0000000783c00000, 0x0000000783e00000|  0%| F|  |TAMS 0x0000000783c00000, 0x0000000783c00000| Untracked 
| 645|0x0000000783e00000, 0x0000000783e00000, 0x0000000784000000|  0%| F|  |TAMS 0x0000000783e00000, 0x0000000783e00000| Untracked 
| 646|0x0000000784000000, 0x0000000784000000, 0x0000000784200000|  0%| F|  |TAMS 0x0000000784000000, 0x0000000784000000| Untracked 
| 647|0x0000000784200000, 0x0000000784200000, 0x0000000784400000|  0%| F|  |TAMS 0x0000000784200000, 0x0000000784200000| Untracked 
| 648|0x0000000784400000, 0x0000000784400000, 0x0000000784600000|  0%| F|  |TAMS 0x0000000784400000, 0x0000000784400000| Untracked 
| 649|0x0000000784600000, 0x0000000784600000, 0x0000000784800000|  0%| F|  |TAMS 0x0000000784600000, 0x0000000784600000| Untracked 
| 650|0x0000000784800000, 0x0000000784800000, 0x0000000784a00000|  0%| F|  |TAMS 0x0000000784800000, 0x0000000784800000| Untracked 
| 651|0x0000000784a00000, 0x0000000784a00000, 0x0000000784c00000|  0%| F|  |TAMS 0x0000000784a00000, 0x0000000784a00000| Untracked 
| 652|0x0000000784c00000, 0x0000000784c00000, 0x0000000784e00000|  0%| F|  |TAMS 0x0000000784c00000, 0x0000000784c00000| Untracked 
| 653|0x0000000784e00000, 0x0000000784e00000, 0x0000000785000000|  0%| F|  |TAMS 0x0000000784e00000, 0x0000000784e00000| Untracked 
| 654|0x0000000785000000, 0x0000000785000000, 0x0000000785200000|  0%| F|  |TAMS 0x0000000785000000, 0x0000000785000000| Untracked 
| 655|0x0000000785200000, 0x0000000785200000, 0x0000000785400000|  0%| F|  |TAMS 0x0000000785200000, 0x0000000785200000| Untracked 
| 656|0x0000000785400000, 0x0000000785400000, 0x0000000785600000|  0%| F|  |TAMS 0x0000000785400000, 0x0000000785400000| Untracked 
| 657|0x0000000785600000, 0x0000000785600000, 0x0000000785800000|  0%| F|  |TAMS 0x0000000785600000, 0x0000000785600000| Untracked 
| 658|0x0000000785800000, 0x0000000785800000, 0x0000000785a00000|  0%| F|  |TAMS 0x0000000785800000, 0x0000000785800000| Untracked 
| 659|0x0000000785a00000, 0x0000000785a00000, 0x0000000785c00000|  0%| F|  |TAMS 0x0000000785a00000, 0x0000000785a00000| Untracked 
| 660|0x0000000785c00000, 0x0000000785c00000, 0x0000000785e00000|  0%| F|  |TAMS 0x0000000785c00000, 0x0000000785c00000| Untracked 
| 661|0x0000000785e00000, 0x0000000785e00000, 0x0000000786000000|  0%| F|  |TAMS 0x0000000785e00000, 0x0000000785e00000| Untracked 
| 662|0x0000000786000000, 0x0000000786000000, 0x0000000786200000|  0%| F|  |TAMS 0x0000000786000000, 0x0000000786000000| Untracked 
| 663|0x0000000786200000, 0x0000000786200000, 0x0000000786400000|  0%| F|  |TAMS 0x0000000786200000, 0x0000000786200000| Untracked 
| 664|0x0000000786400000, 0x0000000786400000, 0x0000000786600000|  0%| F|  |TAMS 0x0000000786400000, 0x0000000786400000| Untracked 
| 665|0x0000000786600000, 0x0000000786600000, 0x0000000786800000|  0%| F|  |TAMS 0x0000000786600000, 0x0000000786600000| Untracked 
| 666|0x0000000786800000, 0x0000000786800000, 0x0000000786a00000|  0%| F|  |TAMS 0x0000000786800000, 0x0000000786800000| Untracked 
| 667|0x0000000786a00000, 0x0000000786a00000, 0x0000000786c00000|  0%| F|  |TAMS 0x0000000786a00000, 0x0000000786a00000| Untracked 
| 668|0x0000000786c00000, 0x0000000786c00000, 0x0000000786e00000|  0%| F|  |TAMS 0x0000000786c00000, 0x0000000786c00000| Untracked 
| 669|0x0000000786e00000, 0x0000000786e00000, 0x0000000787000000|  0%| F|  |TAMS 0x0000000786e00000, 0x0000000786e00000| Untracked 
| 670|0x0000000787000000, 0x0000000787000000, 0x0000000787200000|  0%| F|  |TAMS 0x0000000787000000, 0x0000000787000000| Untracked 
| 671|0x0000000787200000, 0x0000000787200000, 0x0000000787400000|  0%| F|  |TAMS 0x0000000787200000, 0x0000000787200000| Untracked 
| 672|0x0000000787400000, 0x0000000787400000, 0x0000000787600000|  0%| F|  |TAMS 0x0000000787400000, 0x0000000787400000| Untracked 
| 673|0x0000000787600000, 0x0000000787600000, 0x0000000787800000|  0%| F|  |TAMS 0x0000000787600000, 0x0000000787600000| Untracked 
| 674|0x0000000787800000, 0x0000000787800000, 0x0000000787a00000|  0%| F|  |TAMS 0x0000000787800000, 0x0000000787800000| Untracked 
| 675|0x0000000787a00000, 0x0000000787a00000, 0x0000000787c00000|  0%| F|  |TAMS 0x0000000787a00000, 0x0000000787a00000| Untracked 
| 676|0x0000000787c00000, 0x0000000787c00000, 0x0000000787e00000|  0%| F|  |TAMS 0x0000000787c00000, 0x0000000787c00000| Untracked 
| 677|0x0000000787e00000, 0x0000000787e00000, 0x0000000788000000|  0%| F|  |TAMS 0x0000000787e00000, 0x0000000787e00000| Untracked 
| 678|0x0000000788000000, 0x0000000788000000, 0x0000000788200000|  0%| F|  |TAMS 0x0000000788000000, 0x0000000788000000| Untracked 
| 679|0x0000000788200000, 0x0000000788200000, 0x0000000788400000|  0%| F|  |TAMS 0x0000000788200000, 0x0000000788200000| Untracked 
| 680|0x0000000788400000, 0x0000000788400000, 0x0000000788600000|  0%| F|  |TAMS 0x0000000788400000, 0x0000000788400000| Untracked 
| 681|0x0000000788600000, 0x0000000788600000, 0x0000000788800000|  0%| F|  |TAMS 0x0000000788600000, 0x0000000788600000| Untracked 
| 682|0x0000000788800000, 0x0000000788800000, 0x0000000788a00000|  0%| F|  |TAMS 0x0000000788800000, 0x0000000788800000| Untracked 
| 683|0x0000000788a00000, 0x0000000788a00000, 0x0000000788c00000|  0%| F|  |TAMS 0x0000000788a00000, 0x0000000788a00000| Untracked 
| 684|0x0000000788c00000, 0x0000000788c00000, 0x0000000788e00000|  0%| F|  |TAMS 0x0000000788c00000, 0x0000000788c00000| Untracked 
| 685|0x0000000788e00000, 0x0000000788e00000, 0x0000000789000000|  0%| F|  |TAMS 0x0000000788e00000, 0x0000000788e00000| Untracked 
| 686|0x0000000789000000, 0x0000000789000000, 0x0000000789200000|  0%| F|  |TAMS 0x0000000789000000, 0x0000000789000000| Untracked 
| 687|0x0000000789200000, 0x0000000789200000, 0x0000000789400000|  0%| F|  |TAMS 0x0000000789200000, 0x0000000789200000| Untracked 
| 688|0x0000000789400000, 0x0000000789400000, 0x0000000789600000|  0%| F|  |TAMS 0x0000000789400000, 0x0000000789400000| Untracked 
| 689|0x0000000789600000, 0x0000000789600000, 0x0000000789800000|  0%| F|  |TAMS 0x0000000789600000, 0x0000000789600000| Untracked 
| 690|0x0000000789800000, 0x0000000789800000, 0x0000000789a00000|  0%| F|  |TAMS 0x0000000789800000, 0x0000000789800000| Untracked 
| 691|0x0000000789a00000, 0x0000000789a00000, 0x0000000789c00000|  0%| F|  |TAMS 0x0000000789a00000, 0x0000000789a00000| Untracked 
| 692|0x0000000789c00000, 0x0000000789c00000, 0x0000000789e00000|  0%| F|  |TAMS 0x0000000789c00000, 0x0000000789c00000| Untracked 
| 693|0x0000000789e00000, 0x0000000789e00000, 0x000000078a000000|  0%| F|  |TAMS 0x0000000789e00000, 0x0000000789e00000| Untracked 
| 694|0x000000078a000000, 0x000000078a000000, 0x000000078a200000|  0%| F|  |TAMS 0x000000078a000000, 0x000000078a000000| Untracked 
| 695|0x000000078a200000, 0x000000078a200000, 0x000000078a400000|  0%| F|  |TAMS 0x000000078a200000, 0x000000078a200000| Untracked 
| 696|0x000000078a400000, 0x000000078a400000, 0x000000078a600000|  0%| F|  |TAMS 0x000000078a400000, 0x000000078a400000| Untracked 
| 697|0x000000078a600000, 0x000000078a600000, 0x000000078a800000|  0%| F|  |TAMS 0x000000078a600000, 0x000000078a600000| Untracked 
| 698|0x000000078a800000, 0x000000078a800000, 0x000000078aa00000|  0%| F|  |TAMS 0x000000078a800000, 0x000000078a800000| Untracked 
| 699|0x000000078aa00000, 0x000000078aa00000, 0x000000078ac00000|  0%| F|  |TAMS 0x000000078aa00000, 0x000000078aa00000| Untracked 
| 700|0x000000078ac00000, 0x000000078ac00000, 0x000000078ae00000|  0%| F|  |TAMS 0x000000078ac00000, 0x000000078ac00000| Untracked 
| 701|0x000000078ae00000, 0x000000078ae00000, 0x000000078b000000|  0%| F|  |TAMS 0x000000078ae00000, 0x000000078ae00000| Untracked 
| 702|0x000000078b000000, 0x000000078b000000, 0x000000078b200000|  0%| F|  |TAMS 0x000000078b000000, 0x000000078b000000| Untracked 
| 703|0x000000078b200000, 0x000000078b200000, 0x000000078b400000|  0%| F|  |TAMS 0x000000078b200000, 0x000000078b200000| Untracked 
| 704|0x000000078b400000, 0x000000078b400000, 0x000000078b600000|  0%| F|  |TAMS 0x000000078b400000, 0x000000078b400000| Untracked 
| 705|0x000000078b600000, 0x000000078b600000, 0x000000078b800000|  0%| F|  |TAMS 0x000000078b600000, 0x000000078b600000| Untracked 
| 706|0x000000078b800000, 0x000000078b800000, 0x000000078ba00000|  0%| F|  |TAMS 0x000000078b800000, 0x000000078b800000| Untracked 
| 707|0x000000078ba00000, 0x000000078ba00000, 0x000000078bc00000|  0%| F|  |TAMS 0x000000078ba00000, 0x000000078ba00000| Untracked 
| 708|0x000000078bc00000, 0x000000078bc00000, 0x000000078be00000|  0%| F|  |TAMS 0x000000078bc00000, 0x000000078bc00000| Untracked 
| 709|0x000000078be00000, 0x000000078be00000, 0x000000078c000000|  0%| F|  |TAMS 0x000000078be00000, 0x000000078be00000| Untracked 
| 710|0x000000078c000000, 0x000000078c000000, 0x000000078c200000|  0%| F|  |TAMS 0x000000078c000000, 0x000000078c000000| Untracked 
| 711|0x000000078c200000, 0x000000078c200000, 0x000000078c400000|  0%| F|  |TAMS 0x000000078c200000, 0x000000078c200000| Untracked 
| 712|0x000000078c400000, 0x000000078c400000, 0x000000078c600000|  0%| F|  |TAMS 0x000000078c400000, 0x000000078c400000| Untracked 
| 713|0x000000078c600000, 0x000000078c600000, 0x000000078c800000|  0%| F|  |TAMS 0x000000078c600000, 0x000000078c600000| Untracked 
| 714|0x000000078c800000, 0x000000078c800000, 0x000000078ca00000|  0%| F|  |TAMS 0x000000078c800000, 0x000000078c800000| Untracked 
| 715|0x000000078ca00000, 0x000000078ca00000, 0x000000078cc00000|  0%| F|  |TAMS 0x000000078ca00000, 0x000000078ca00000| Untracked 
| 716|0x000000078cc00000, 0x000000078cc00000, 0x000000078ce00000|  0%| F|  |TAMS 0x000000078cc00000, 0x000000078cc00000| Untracked 
| 717|0x000000078ce00000, 0x000000078ce00000, 0x000000078d000000|  0%| F|  |TAMS 0x000000078ce00000, 0x000000078ce00000| Untracked 
| 718|0x000000078d000000, 0x000000078d000000, 0x000000078d200000|  0%| F|  |TAMS 0x000000078d000000, 0x000000078d000000| Untracked 
| 719|0x000000078d200000, 0x000000078d200000, 0x000000078d400000|  0%| F|  |TAMS 0x000000078d200000, 0x000000078d200000| Untracked 
| 720|0x000000078d400000, 0x000000078d400000, 0x000000078d600000|  0%| F|  |TAMS 0x000000078d400000, 0x000000078d400000| Untracked 
| 721|0x000000078d600000, 0x000000078d600000, 0x000000078d800000|  0%| F|  |TAMS 0x000000078d600000, 0x000000078d600000| Untracked 
| 722|0x000000078d800000, 0x000000078d800000, 0x000000078da00000|  0%| F|  |TAMS 0x000000078d800000, 0x000000078d800000| Untracked 
| 723|0x000000078da00000, 0x000000078da00000, 0x000000078dc00000|  0%| F|  |TAMS 0x000000078da00000, 0x000000078da00000| Untracked 
| 724|0x000000078dc00000, 0x000000078dc00000, 0x000000078de00000|  0%| F|  |TAMS 0x000000078dc00000, 0x000000078dc00000| Untracked 
| 725|0x000000078de00000, 0x000000078de00000, 0x000000078e000000|  0%| F|  |TAMS 0x000000078de00000, 0x000000078de00000| Untracked 
| 726|0x000000078e000000, 0x000000078e000000, 0x000000078e200000|  0%| F|  |TAMS 0x000000078e000000, 0x000000078e000000| Untracked 
| 727|0x000000078e200000, 0x000000078e200000, 0x000000078e400000|  0%| F|  |TAMS 0x000000078e200000, 0x000000078e200000| Untracked 
| 728|0x000000078e400000, 0x000000078e400000, 0x000000078e600000|  0%| F|  |TAMS 0x000000078e400000, 0x000000078e400000| Untracked 
| 729|0x000000078e600000, 0x000000078e600000, 0x000000078e800000|  0%| F|  |TAMS 0x000000078e600000, 0x000000078e600000| Untracked 
| 730|0x000000078e800000, 0x000000078e800000, 0x000000078ea00000|  0%| F|  |TAMS 0x000000078e800000, 0x000000078e800000| Untracked 
| 731|0x000000078ea00000, 0x000000078ea00000, 0x000000078ec00000|  0%| F|  |TAMS 0x000000078ea00000, 0x000000078ea00000| Untracked 
| 732|0x000000078ec00000, 0x000000078ec00000, 0x000000078ee00000|  0%| F|  |TAMS 0x000000078ec00000, 0x000000078ec00000| Untracked 
| 733|0x000000078ee00000, 0x000000078ee00000, 0x000000078f000000|  0%| F|  |TAMS 0x000000078ee00000, 0x000000078ee00000| Untracked 
| 734|0x000000078f000000, 0x000000078f000000, 0x000000078f200000|  0%| F|  |TAMS 0x000000078f000000, 0x000000078f000000| Untracked 
| 735|0x000000078f200000, 0x000000078f200000, 0x000000078f400000|  0%| F|  |TAMS 0x000000078f200000, 0x000000078f200000| Untracked 
| 736|0x000000078f400000, 0x000000078f400000, 0x000000078f600000|  0%| F|  |TAMS 0x000000078f400000, 0x000000078f400000| Untracked 
| 737|0x000000078f600000, 0x000000078f600000, 0x000000078f800000|  0%| F|  |TAMS 0x000000078f600000, 0x000000078f600000| Untracked 
| 738|0x000000078f800000, 0x000000078f800000, 0x000000078fa00000|  0%| F|  |TAMS 0x000000078f800000, 0x000000078f800000| Untracked 
| 739|0x000000078fa00000, 0x000000078fa00000, 0x000000078fc00000|  0%| F|  |TAMS 0x000000078fa00000, 0x000000078fa00000| Untracked 
| 740|0x000000078fc00000, 0x000000078fc00000, 0x000000078fe00000|  0%| F|  |TAMS 0x000000078fc00000, 0x000000078fc00000| Untracked 
| 741|0x000000078fe00000, 0x000000078fe00000, 0x0000000790000000|  0%| F|  |TAMS 0x000000078fe00000, 0x000000078fe00000| Untracked 
| 742|0x0000000790000000, 0x0000000790000000, 0x0000000790200000|  0%| F|  |TAMS 0x0000000790000000, 0x0000000790000000| Untracked 
| 743|0x0000000790200000, 0x0000000790200000, 0x0000000790400000|  0%| F|  |TAMS 0x0000000790200000, 0x0000000790200000| Untracked 
| 744|0x0000000790400000, 0x0000000790400000, 0x0000000790600000|  0%| F|  |TAMS 0x0000000790400000, 0x0000000790400000| Untracked 
| 745|0x0000000790600000, 0x0000000790600000, 0x0000000790800000|  0%| F|  |TAMS 0x0000000790600000, 0x0000000790600000| Untracked 
| 746|0x0000000790800000, 0x0000000790800000, 0x0000000790a00000|  0%| F|  |TAMS 0x0000000790800000, 0x0000000790800000| Untracked 
| 747|0x0000000790a00000, 0x0000000790a00000, 0x0000000790c00000|  0%| F|  |TAMS 0x0000000790a00000, 0x0000000790a00000| Untracked 
| 748|0x0000000790c00000, 0x0000000790c00000, 0x0000000790e00000|  0%| F|  |TAMS 0x0000000790c00000, 0x0000000790c00000| Untracked 
| 749|0x0000000790e00000, 0x0000000790e00000, 0x0000000791000000|  0%| F|  |TAMS 0x0000000790e00000, 0x0000000790e00000| Untracked 
| 750|0x0000000791000000, 0x0000000791000000, 0x0000000791200000|  0%| F|  |TAMS 0x0000000791000000, 0x0000000791000000| Untracked 
| 751|0x0000000791200000, 0x0000000791200000, 0x0000000791400000|  0%| F|  |TAMS 0x0000000791200000, 0x0000000791200000| Untracked 
| 752|0x0000000791400000, 0x0000000791400000, 0x0000000791600000|  0%| F|  |TAMS 0x0000000791400000, 0x0000000791400000| Untracked 
| 753|0x0000000791600000, 0x0000000791600000, 0x0000000791800000|  0%| F|  |TAMS 0x0000000791600000, 0x0000000791600000| Untracked 
| 754|0x0000000791800000, 0x0000000791800000, 0x0000000791a00000|  0%| F|  |TAMS 0x0000000791800000, 0x0000000791800000| Untracked 
| 755|0x0000000791a00000, 0x0000000791a00000, 0x0000000791c00000|  0%| F|  |TAMS 0x0000000791a00000, 0x0000000791a00000| Untracked 
| 756|0x0000000791c00000, 0x0000000791c00000, 0x0000000791e00000|  0%| F|  |TAMS 0x0000000791c00000, 0x0000000791c00000| Untracked 
| 757|0x0000000791e00000, 0x0000000791e00000, 0x0000000792000000|  0%| F|  |TAMS 0x0000000791e00000, 0x0000000791e00000| Untracked 
| 758|0x0000000792000000, 0x0000000792000000, 0x0000000792200000|  0%| F|  |TAMS 0x0000000792000000, 0x0000000792000000| Untracked 
| 759|0x0000000792200000, 0x0000000792200000, 0x0000000792400000|  0%| F|  |TAMS 0x0000000792200000, 0x0000000792200000| Untracked 
| 760|0x0000000792400000, 0x0000000792400000, 0x0000000792600000|  0%| F|  |TAMS 0x0000000792400000, 0x0000000792400000| Untracked 
| 761|0x0000000792600000, 0x0000000792600000, 0x0000000792800000|  0%| F|  |TAMS 0x0000000792600000, 0x0000000792600000| Untracked 
| 762|0x0000000792800000, 0x0000000792800000, 0x0000000792a00000|  0%| F|  |TAMS 0x0000000792800000, 0x0000000792800000| Untracked 
| 763|0x0000000792a00000, 0x0000000792a00000, 0x0000000792c00000|  0%| F|  |TAMS 0x0000000792a00000, 0x0000000792a00000| Untracked 
| 764|0x0000000792c00000, 0x0000000792c00000, 0x0000000792e00000|  0%| F|  |TAMS 0x0000000792c00000, 0x0000000792c00000| Untracked 
| 765|0x0000000792e00000, 0x0000000792e00000, 0x0000000793000000|  0%| F|  |TAMS 0x0000000792e00000, 0x0000000792e00000| Untracked 
| 766|0x0000000793000000, 0x0000000793000000, 0x0000000793200000|  0%| F|  |TAMS 0x0000000793000000, 0x0000000793000000| Untracked 
| 767|0x0000000793200000, 0x0000000793200000, 0x0000000793400000|  0%| F|  |TAMS 0x0000000793200000, 0x0000000793200000| Untracked 
| 768|0x0000000793400000, 0x0000000793400000, 0x0000000793600000|  0%| F|  |TAMS 0x0000000793400000, 0x0000000793400000| Untracked 
| 769|0x0000000793600000, 0x0000000793600000, 0x0000000793800000|  0%| F|  |TAMS 0x0000000793600000, 0x0000000793600000| Untracked 
| 770|0x0000000793800000, 0x0000000793800000, 0x0000000793a00000|  0%| F|  |TAMS 0x0000000793800000, 0x0000000793800000| Untracked 
| 771|0x0000000793a00000, 0x0000000793a00000, 0x0000000793c00000|  0%| F|  |TAMS 0x0000000793a00000, 0x0000000793a00000| Untracked 
| 772|0x0000000793c00000, 0x0000000793c00000, 0x0000000793e00000|  0%| F|  |TAMS 0x0000000793c00000, 0x0000000793c00000| Untracked 
| 773|0x0000000793e00000, 0x0000000793e00000, 0x0000000794000000|  0%| F|  |TAMS 0x0000000793e00000, 0x0000000793e00000| Untracked 
| 774|0x0000000794000000, 0x0000000794000000, 0x0000000794200000|  0%| F|  |TAMS 0x0000000794000000, 0x0000000794000000| Untracked 
| 775|0x0000000794200000, 0x0000000794200000, 0x0000000794400000|  0%| F|  |TAMS 0x0000000794200000, 0x0000000794200000| Untracked 
| 776|0x0000000794400000, 0x0000000794400000, 0x0000000794600000|  0%| F|  |TAMS 0x0000000794400000, 0x0000000794400000| Untracked 
| 777|0x0000000794600000, 0x0000000794600000, 0x0000000794800000|  0%| F|  |TAMS 0x0000000794600000, 0x0000000794600000| Untracked 
| 778|0x0000000794800000, 0x0000000794800000, 0x0000000794a00000|  0%| F|  |TAMS 0x0000000794800000, 0x0000000794800000| Untracked 
| 779|0x0000000794a00000, 0x0000000794a00000, 0x0000000794c00000|  0%| F|  |TAMS 0x0000000794a00000, 0x0000000794a00000| Untracked 
| 780|0x0000000794c00000, 0x0000000794c00000, 0x0000000794e00000|  0%| F|  |TAMS 0x0000000794c00000, 0x0000000794c00000| Untracked 
| 781|0x0000000794e00000, 0x0000000794e00000, 0x0000000795000000|  0%| F|  |TAMS 0x0000000794e00000, 0x0000000794e00000| Untracked 
| 782|0x0000000795000000, 0x0000000795000000, 0x0000000795200000|  0%| F|  |TAMS 0x0000000795000000, 0x0000000795000000| Untracked 
| 783|0x0000000795200000, 0x0000000795200000, 0x0000000795400000|  0%| F|  |TAMS 0x0000000795200000, 0x0000000795200000| Untracked 
| 784|0x0000000795400000, 0x0000000795400000, 0x0000000795600000|  0%| F|  |TAMS 0x0000000795400000, 0x0000000795400000| Untracked 
| 785|0x0000000795600000, 0x0000000795600000, 0x0000000795800000|  0%| F|  |TAMS 0x0000000795600000, 0x0000000795600000| Untracked 
| 786|0x0000000795800000, 0x0000000795800000, 0x0000000795a00000|  0%| F|  |TAMS 0x0000000795800000, 0x0000000795800000| Untracked 
| 787|0x0000000795a00000, 0x0000000795a00000, 0x0000000795c00000|  0%| F|  |TAMS 0x0000000795a00000, 0x0000000795a00000| Untracked 
| 788|0x0000000795c00000, 0x0000000795c00000, 0x0000000795e00000|  0%| F|  |TAMS 0x0000000795c00000, 0x0000000795c00000| Untracked 
| 789|0x0000000795e00000, 0x0000000795e00000, 0x0000000796000000|  0%| F|  |TAMS 0x0000000795e00000, 0x0000000795e00000| Untracked 
| 790|0x0000000796000000, 0x0000000796000000, 0x0000000796200000|  0%| F|  |TAMS 0x0000000796000000, 0x0000000796000000| Untracked 
| 791|0x0000000796200000, 0x0000000796200000, 0x0000000796400000|  0%| F|  |TAMS 0x0000000796200000, 0x0000000796200000| Untracked 
| 792|0x0000000796400000, 0x0000000796400000, 0x0000000796600000|  0%| F|  |TAMS 0x0000000796400000, 0x0000000796400000| Untracked 
| 793|0x0000000796600000, 0x0000000796600000, 0x0000000796800000|  0%| F|  |TAMS 0x0000000796600000, 0x0000000796600000| Untracked 
| 794|0x0000000796800000, 0x0000000796800000, 0x0000000796a00000|  0%| F|  |TAMS 0x0000000796800000, 0x0000000796800000| Untracked 
| 795|0x0000000796a00000, 0x0000000796a00000, 0x0000000796c00000|  0%| F|  |TAMS 0x0000000796a00000, 0x0000000796a00000| Untracked 
| 796|0x0000000796c00000, 0x0000000796c00000, 0x0000000796e00000|  0%| F|  |TAMS 0x0000000796c00000, 0x0000000796c00000| Untracked 
| 797|0x0000000796e00000, 0x0000000796e00000, 0x0000000797000000|  0%| F|  |TAMS 0x0000000796e00000, 0x0000000796e00000| Untracked 
| 798|0x0000000797000000, 0x0000000797000000, 0x0000000797200000|  0%| F|  |TAMS 0x0000000797000000, 0x0000000797000000| Untracked 
| 799|0x0000000797200000, 0x0000000797200000, 0x0000000797400000|  0%| F|  |TAMS 0x0000000797200000, 0x0000000797200000| Untracked 
| 800|0x0000000797400000, 0x0000000797400000, 0x0000000797600000|  0%| F|  |TAMS 0x0000000797400000, 0x0000000797400000| Untracked 
| 801|0x0000000797600000, 0x0000000797600000, 0x0000000797800000|  0%| F|  |TAMS 0x0000000797600000, 0x0000000797600000| Untracked 
| 802|0x0000000797800000, 0x0000000797800000, 0x0000000797a00000|  0%| F|  |TAMS 0x0000000797800000, 0x0000000797800000| Untracked 
| 803|0x0000000797a00000, 0x0000000797a00000, 0x0000000797c00000|  0%| F|  |TAMS 0x0000000797a00000, 0x0000000797a00000| Untracked 
| 804|0x0000000797c00000, 0x0000000797c00000, 0x0000000797e00000|  0%| F|  |TAMS 0x0000000797c00000, 0x0000000797c00000| Untracked 
| 805|0x0000000797e00000, 0x0000000797e00000, 0x0000000798000000|  0%| F|  |TAMS 0x0000000797e00000, 0x0000000797e00000| Untracked 
| 806|0x0000000798000000, 0x0000000798000000, 0x0000000798200000|  0%| F|  |TAMS 0x0000000798000000, 0x0000000798000000| Untracked 
| 807|0x0000000798200000, 0x0000000798200000, 0x0000000798400000|  0%| F|  |TAMS 0x0000000798200000, 0x0000000798200000| Untracked 
| 808|0x0000000798400000, 0x0000000798400000, 0x0000000798600000|  0%| F|  |TAMS 0x0000000798400000, 0x0000000798400000| Untracked 
| 809|0x0000000798600000, 0x0000000798600000, 0x0000000798800000|  0%| F|  |TAMS 0x0000000798600000, 0x0000000798600000| Untracked 
| 810|0x0000000798800000, 0x0000000798800000, 0x0000000798a00000|  0%| F|  |TAMS 0x0000000798800000, 0x0000000798800000| Untracked 
| 811|0x0000000798a00000, 0x0000000798a00000, 0x0000000798c00000|  0%| F|  |TAMS 0x0000000798a00000, 0x0000000798a00000| Untracked 
| 812|0x0000000798c00000, 0x0000000798c00000, 0x0000000798e00000|  0%| F|  |TAMS 0x0000000798c00000, 0x0000000798c00000| Untracked 
| 813|0x0000000798e00000, 0x0000000798e00000, 0x0000000799000000|  0%| F|  |TAMS 0x0000000798e00000, 0x0000000798e00000| Untracked 
| 814|0x0000000799000000, 0x0000000799000000, 0x0000000799200000|  0%| F|  |TAMS 0x0000000799000000, 0x0000000799000000| Untracked 
| 815|0x0000000799200000, 0x0000000799200000, 0x0000000799400000|  0%| F|  |TAMS 0x0000000799200000, 0x0000000799200000| Untracked 
| 816|0x0000000799400000, 0x0000000799400000, 0x0000000799600000|  0%| F|  |TAMS 0x0000000799400000, 0x0000000799400000| Untracked 
| 817|0x0000000799600000, 0x0000000799600000, 0x0000000799800000|  0%| F|  |TAMS 0x0000000799600000, 0x0000000799600000| Untracked 
| 818|0x0000000799800000, 0x0000000799800000, 0x0000000799a00000|  0%| F|  |TAMS 0x0000000799800000, 0x0000000799800000| Untracked 
| 819|0x0000000799a00000, 0x0000000799a00000, 0x0000000799c00000|  0%| F|  |TAMS 0x0000000799a00000, 0x0000000799a00000| Untracked 
| 820|0x0000000799c00000, 0x0000000799c00000, 0x0000000799e00000|  0%| F|  |TAMS 0x0000000799c00000, 0x0000000799c00000| Untracked 
| 821|0x0000000799e00000, 0x0000000799e00000, 0x000000079a000000|  0%| F|  |TAMS 0x0000000799e00000, 0x0000000799e00000| Untracked 
| 822|0x000000079a000000, 0x000000079a000000, 0x000000079a200000|  0%| F|  |TAMS 0x000000079a000000, 0x000000079a000000| Untracked 
| 823|0x000000079a200000, 0x000000079a200000, 0x000000079a400000|  0%| F|  |TAMS 0x000000079a200000, 0x000000079a200000| Untracked 
| 824|0x000000079a400000, 0x000000079a400000, 0x000000079a600000|  0%| F|  |TAMS 0x000000079a400000, 0x000000079a400000| Untracked 
| 825|0x000000079a600000, 0x000000079a600000, 0x000000079a800000|  0%| F|  |TAMS 0x000000079a600000, 0x000000079a600000| Untracked 
| 826|0x000000079a800000, 0x000000079a800000, 0x000000079aa00000|  0%| F|  |TAMS 0x000000079a800000, 0x000000079a800000| Untracked 
| 827|0x000000079aa00000, 0x000000079ac00000, 0x000000079ac00000|100%| S|CS|TAMS 0x000000079aa00000, 0x000000079aa00000| Complete 
| 828|0x000000079ac00000, 0x000000079ae00000, 0x000000079ae00000|100%| S|CS|TAMS 0x000000079ac00000, 0x000000079ac00000| Complete 
| 829|0x000000079ae00000, 0x000000079b000000, 0x000000079b000000|100%| S|CS|TAMS 0x000000079ae00000, 0x000000079ae00000| Complete 
| 830|0x000000079b000000, 0x000000079b200000, 0x000000079b200000|100%| S|CS|TAMS 0x000000079b000000, 0x000000079b000000| Complete 
| 831|0x000000079b200000, 0x000000079b400000, 0x000000079b400000|100%| S|CS|TAMS 0x000000079b200000, 0x000000079b200000| Complete 
| 832|0x000000079b400000, 0x000000079b600000, 0x000000079b600000|100%| S|CS|TAMS 0x000000079b400000, 0x000000079b400000| Complete 
| 833|0x000000079b600000, 0x000000079b800000, 0x000000079b800000|100%| S|CS|TAMS 0x000000079b600000, 0x000000079b600000| Complete 
| 834|0x000000079b800000, 0x000000079ba00000, 0x000000079ba00000|100%| S|CS|TAMS 0x000000079b800000, 0x000000079b800000| Complete 
| 835|0x000000079ba00000, 0x000000079bc00000, 0x000000079bc00000|100%| S|CS|TAMS 0x000000079ba00000, 0x000000079ba00000| Complete 
| 836|0x000000079bc00000, 0x000000079be00000, 0x000000079be00000|100%| S|CS|TAMS 0x000000079bc00000, 0x000000079bc00000| Complete 
| 837|0x000000079be00000, 0x000000079c000000, 0x000000079c000000|100%| S|CS|TAMS 0x000000079be00000, 0x000000079be00000| Complete 
| 838|0x000000079c000000, 0x000000079c200000, 0x000000079c200000|100%| S|CS|TAMS 0x000000079c000000, 0x000000079c000000| Complete 
| 839|0x000000079c200000, 0x000000079c400000, 0x000000079c400000|100%| S|CS|TAMS 0x000000079c200000, 0x000000079c200000| Complete 
| 840|0x000000079c400000, 0x000000079c600000, 0x000000079c600000|100%| S|CS|TAMS 0x000000079c400000, 0x000000079c400000| Complete 
| 841|0x000000079c600000, 0x000000079c600000, 0x000000079c800000|  0%| F|  |TAMS 0x000000079c600000, 0x000000079c600000| Untracked 
| 842|0x000000079c800000, 0x000000079c800000, 0x000000079ca00000|  0%| F|  |TAMS 0x000000079c800000, 0x000000079c800000| Untracked 
| 843|0x000000079ca00000, 0x000000079ca00000, 0x000000079cc00000|  0%| F|  |TAMS 0x000000079ca00000, 0x000000079ca00000| Untracked 
| 844|0x000000079cc00000, 0x000000079cc00000, 0x000000079ce00000|  0%| F|  |TAMS 0x000000079cc00000, 0x000000079cc00000| Untracked 
| 845|0x000000079ce00000, 0x000000079ce00000, 0x000000079d000000|  0%| F|  |TAMS 0x000000079ce00000, 0x000000079ce00000| Untracked 
| 846|0x000000079d000000, 0x000000079d000000, 0x000000079d200000|  0%| F|  |TAMS 0x000000079d000000, 0x000000079d000000| Untracked 
| 847|0x000000079d200000, 0x000000079d200000, 0x000000079d400000|  0%| F|  |TAMS 0x000000079d200000, 0x000000079d200000| Untracked 
| 848|0x000000079d400000, 0x000000079d400000, 0x000000079d600000|  0%| F|  |TAMS 0x000000079d400000, 0x000000079d400000| Untracked 
| 849|0x000000079d600000, 0x000000079d600000, 0x000000079d800000|  0%| F|  |TAMS 0x000000079d600000, 0x000000079d600000| Untracked 
| 850|0x000000079d800000, 0x000000079d800000, 0x000000079da00000|  0%| F|  |TAMS 0x000000079d800000, 0x000000079d800000| Untracked 
| 851|0x000000079da00000, 0x000000079da00000, 0x000000079dc00000|  0%| F|  |TAMS 0x000000079da00000, 0x000000079da00000| Untracked 
| 852|0x000000079dc00000, 0x000000079dc00000, 0x000000079de00000|  0%| F|  |TAMS 0x000000079dc00000, 0x000000079dc00000| Untracked 
| 853|0x000000079de00000, 0x000000079de00000, 0x000000079e000000|  0%| F|  |TAMS 0x000000079de00000, 0x000000079de00000| Untracked 
| 854|0x000000079e000000, 0x000000079e000000, 0x000000079e200000|  0%| F|  |TAMS 0x000000079e000000, 0x000000079e000000| Untracked 
| 855|0x000000079e200000, 0x000000079e200000, 0x000000079e400000|  0%| F|  |TAMS 0x000000079e200000, 0x000000079e200000| Untracked 
| 856|0x000000079e400000, 0x000000079e600000, 0x000000079e600000|100%| S|CS|TAMS 0x000000079e400000, 0x000000079e400000| Complete 
| 857|0x000000079e600000, 0x000000079e600000, 0x000000079e800000|  0%| F|  |TAMS 0x000000079e600000, 0x000000079e600000| Untracked 
| 858|0x000000079e800000, 0x000000079e9eece8, 0x000000079ea00000| 96%| E|  |TAMS 0x000000079e800000, 0x000000079e800000| Complete 
| 859|0x000000079ea00000, 0x000000079ec00000, 0x000000079ec00000|100%| E|CS|TAMS 0x000000079ea00000, 0x000000079ea00000| Complete 
| 860|0x000000079ec00000, 0x000000079ee00000, 0x000000079ee00000|100%| E|CS|TAMS 0x000000079ec00000, 0x000000079ec00000| Complete 
| 861|0x000000079ee00000, 0x000000079f000000, 0x000000079f000000|100%| E|CS|TAMS 0x000000079ee00000, 0x000000079ee00000| Complete 
| 862|0x000000079f000000, 0x000000079f200000, 0x000000079f200000|100%| E|CS|TAMS 0x000000079f000000, 0x000000079f000000| Complete 
| 863|0x000000079f200000, 0x000000079f400000, 0x000000079f400000|100%| E|CS|TAMS 0x000000079f200000, 0x000000079f200000| Complete 
| 864|0x000000079f400000, 0x000000079f600000, 0x000000079f600000|100%| E|CS|TAMS 0x000000079f400000, 0x000000079f400000| Complete 
| 865|0x000000079f600000, 0x000000079f800000, 0x000000079f800000|100%| E|CS|TAMS 0x000000079f600000, 0x000000079f600000| Complete 
| 866|0x000000079f800000, 0x000000079fa00000, 0x000000079fa00000|100%| E|CS|TAMS 0x000000079f800000, 0x000000079f800000| Complete 
| 867|0x000000079fa00000, 0x000000079fc00000, 0x000000079fc00000|100%| E|CS|TAMS 0x000000079fa00000, 0x000000079fa00000| Complete 
| 868|0x000000079fc00000, 0x000000079fe00000, 0x000000079fe00000|100%| E|CS|TAMS 0x000000079fc00000, 0x000000079fc00000| Complete 
| 869|0x000000079fe00000, 0x00000007a0000000, 0x00000007a0000000|100%| E|CS|TAMS 0x000000079fe00000, 0x000000079fe00000| Complete 
| 870|0x00000007a0000000, 0x00000007a0200000, 0x00000007a0200000|100%| E|CS|TAMS 0x00000007a0000000, 0x00000007a0000000| Complete 
| 871|0x00000007a0200000, 0x00000007a0400000, 0x00000007a0400000|100%| E|CS|TAMS 0x00000007a0200000, 0x00000007a0200000| Complete 
| 872|0x00000007a0400000, 0x00000007a0600000, 0x00000007a0600000|100%| E|CS|TAMS 0x00000007a0400000, 0x00000007a0400000| Complete 
| 873|0x00000007a0600000, 0x00000007a0800000, 0x00000007a0800000|100%| E|CS|TAMS 0x00000007a0600000, 0x00000007a0600000| Complete 
| 874|0x00000007a0800000, 0x00000007a0a00000, 0x00000007a0a00000|100%| E|CS|TAMS 0x00000007a0800000, 0x00000007a0800000| Complete 
| 875|0x00000007a0a00000, 0x00000007a0c00000, 0x00000007a0c00000|100%| E|CS|TAMS 0x00000007a0a00000, 0x00000007a0a00000| Complete 
| 876|0x00000007a0c00000, 0x00000007a0e00000, 0x00000007a0e00000|100%| E|CS|TAMS 0x00000007a0c00000, 0x00000007a0c00000| Complete 
| 877|0x00000007a0e00000, 0x00000007a1000000, 0x00000007a1000000|100%| E|CS|TAMS 0x00000007a0e00000, 0x00000007a0e00000| Complete 
| 878|0x00000007a1000000, 0x00000007a1200000, 0x00000007a1200000|100%| E|CS|TAMS 0x00000007a1000000, 0x00000007a1000000| Complete 
| 879|0x00000007a1200000, 0x00000007a1400000, 0x00000007a1400000|100%| E|CS|TAMS 0x00000007a1200000, 0x00000007a1200000| Complete 
| 880|0x00000007a1400000, 0x00000007a1600000, 0x00000007a1600000|100%| E|CS|TAMS 0x00000007a1400000, 0x00000007a1400000| Complete 
| 881|0x00000007a1600000, 0x00000007a1800000, 0x00000007a1800000|100%| E|CS|TAMS 0x00000007a1600000, 0x00000007a1600000| Complete 
| 882|0x00000007a1800000, 0x00000007a1a00000, 0x00000007a1a00000|100%| E|CS|TAMS 0x00000007a1800000, 0x00000007a1800000| Complete 
| 883|0x00000007a1a00000, 0x00000007a1c00000, 0x00000007a1c00000|100%| E|CS|TAMS 0x00000007a1a00000, 0x00000007a1a00000| Complete 
| 884|0x00000007a1c00000, 0x00000007a1e00000, 0x00000007a1e00000|100%| E|CS|TAMS 0x00000007a1c00000, 0x00000007a1c00000| Complete 
| 885|0x00000007a1e00000, 0x00000007a2000000, 0x00000007a2000000|100%| E|CS|TAMS 0x00000007a1e00000, 0x00000007a1e00000| Complete 
| 886|0x00000007a2000000, 0x00000007a2200000, 0x00000007a2200000|100%| E|CS|TAMS 0x00000007a2000000, 0x00000007a2000000| Complete 
| 887|0x00000007a2200000, 0x00000007a2400000, 0x00000007a2400000|100%| E|CS|TAMS 0x00000007a2200000, 0x00000007a2200000| Complete 
| 888|0x00000007a2400000, 0x00000007a2600000, 0x00000007a2600000|100%| E|CS|TAMS 0x00000007a2400000, 0x00000007a2400000| Complete 
| 889|0x00000007a2600000, 0x00000007a2800000, 0x00000007a2800000|100%| E|CS|TAMS 0x00000007a2600000, 0x00000007a2600000| Complete 
| 890|0x00000007a2800000, 0x00000007a2a00000, 0x00000007a2a00000|100%| E|CS|TAMS 0x00000007a2800000, 0x00000007a2800000| Complete 
| 891|0x00000007a2a00000, 0x00000007a2c00000, 0x00000007a2c00000|100%| E|CS|TAMS 0x00000007a2a00000, 0x00000007a2a00000| Complete 
| 892|0x00000007a2c00000, 0x00000007a2e00000, 0x00000007a2e00000|100%| E|CS|TAMS 0x00000007a2c00000, 0x00000007a2c00000| Complete 
| 893|0x00000007a2e00000, 0x00000007a3000000, 0x00000007a3000000|100%| E|CS|TAMS 0x00000007a2e00000, 0x00000007a2e00000| Complete 
| 894|0x00000007a3000000, 0x00000007a3200000, 0x00000007a3200000|100%| E|CS|TAMS 0x00000007a3000000, 0x00000007a3000000| Complete 
| 895|0x00000007a3200000, 0x00000007a3400000, 0x00000007a3400000|100%| E|CS|TAMS 0x00000007a3200000, 0x00000007a3200000| Complete 
| 896|0x00000007a3400000, 0x00000007a3600000, 0x00000007a3600000|100%| E|CS|TAMS 0x00000007a3400000, 0x00000007a3400000| Complete 
| 897|0x00000007a3600000, 0x00000007a3800000, 0x00000007a3800000|100%| E|CS|TAMS 0x00000007a3600000, 0x00000007a3600000| Complete 
| 898|0x00000007a3800000, 0x00000007a3a00000, 0x00000007a3a00000|100%| E|CS|TAMS 0x00000007a3800000, 0x00000007a3800000| Complete 
| 899|0x00000007a3a00000, 0x00000007a3c00000, 0x00000007a3c00000|100%| E|CS|TAMS 0x00000007a3a00000, 0x00000007a3a00000| Complete 
| 900|0x00000007a3c00000, 0x00000007a3e00000, 0x00000007a3e00000|100%| E|CS|TAMS 0x00000007a3c00000, 0x00000007a3c00000| Complete 
| 901|0x00000007a3e00000, 0x00000007a4000000, 0x00000007a4000000|100%| E|CS|TAMS 0x00000007a3e00000, 0x00000007a3e00000| Complete 
| 902|0x00000007a4000000, 0x00000007a4200000, 0x00000007a4200000|100%| E|CS|TAMS 0x00000007a4000000, 0x00000007a4000000| Complete 
| 903|0x00000007a4200000, 0x00000007a4400000, 0x00000007a4400000|100%| E|CS|TAMS 0x00000007a4200000, 0x00000007a4200000| Complete 
| 904|0x00000007a4400000, 0x00000007a4600000, 0x00000007a4600000|100%| E|CS|TAMS 0x00000007a4400000, 0x00000007a4400000| Complete 
| 905|0x00000007a4600000, 0x00000007a4800000, 0x00000007a4800000|100%| E|CS|TAMS 0x00000007a4600000, 0x00000007a4600000| Complete 
| 906|0x00000007a4800000, 0x00000007a4a00000, 0x00000007a4a00000|100%| E|CS|TAMS 0x00000007a4800000, 0x00000007a4800000| Complete 
| 907|0x00000007a4a00000, 0x00000007a4c00000, 0x00000007a4c00000|100%| E|CS|TAMS 0x00000007a4a00000, 0x00000007a4a00000| Complete 
| 908|0x00000007a4c00000, 0x00000007a4e00000, 0x00000007a4e00000|100%| E|CS|TAMS 0x00000007a4c00000, 0x00000007a4c00000| Complete 
| 909|0x00000007a4e00000, 0x00000007a5000000, 0x00000007a5000000|100%| E|CS|TAMS 0x00000007a4e00000, 0x00000007a4e00000| Complete 
| 910|0x00000007a5000000, 0x00000007a5200000, 0x00000007a5200000|100%| E|CS|TAMS 0x00000007a5000000, 0x00000007a5000000| Complete 
| 911|0x00000007a5200000, 0x00000007a5400000, 0x00000007a5400000|100%| E|CS|TAMS 0x00000007a5200000, 0x00000007a5200000| Complete 
| 912|0x00000007a5400000, 0x00000007a5600000, 0x00000007a5600000|100%| E|CS|TAMS 0x00000007a5400000, 0x00000007a5400000| Complete 
| 913|0x00000007a5600000, 0x00000007a5800000, 0x00000007a5800000|100%| E|CS|TAMS 0x00000007a5600000, 0x00000007a5600000| Complete 
| 914|0x00000007a5800000, 0x00000007a5a00000, 0x00000007a5a00000|100%| E|CS|TAMS 0x00000007a5800000, 0x00000007a5800000| Complete 
| 915|0x00000007a5a00000, 0x00000007a5c00000, 0x00000007a5c00000|100%| E|CS|TAMS 0x00000007a5a00000, 0x00000007a5a00000| Complete 
| 916|0x00000007a5c00000, 0x00000007a5e00000, 0x00000007a5e00000|100%| E|CS|TAMS 0x00000007a5c00000, 0x00000007a5c00000| Complete 
| 917|0x00000007a5e00000, 0x00000007a6000000, 0x00000007a6000000|100%| E|CS|TAMS 0x00000007a5e00000, 0x00000007a5e00000| Complete 
| 918|0x00000007a6000000, 0x00000007a6200000, 0x00000007a6200000|100%| E|CS|TAMS 0x00000007a6000000, 0x00000007a6000000| Complete 
| 919|0x00000007a6200000, 0x00000007a6400000, 0x00000007a6400000|100%| E|CS|TAMS 0x00000007a6200000, 0x00000007a6200000| Complete 
| 920|0x00000007a6400000, 0x00000007a6600000, 0x00000007a6600000|100%| E|CS|TAMS 0x00000007a6400000, 0x00000007a6400000| Complete 
| 921|0x00000007a6600000, 0x00000007a6800000, 0x00000007a6800000|100%| E|CS|TAMS 0x00000007a6600000, 0x00000007a6600000| Complete 
| 922|0x00000007a6800000, 0x00000007a6a00000, 0x00000007a6a00000|100%| E|CS|TAMS 0x00000007a6800000, 0x00000007a6800000| Complete 
| 923|0x00000007a6a00000, 0x00000007a6c00000, 0x00000007a6c00000|100%| E|CS|TAMS 0x00000007a6a00000, 0x00000007a6a00000| Complete 
| 924|0x00000007a6c00000, 0x00000007a6e00000, 0x00000007a6e00000|100%| E|CS|TAMS 0x00000007a6c00000, 0x00000007a6c00000| Complete 
| 925|0x00000007a6e00000, 0x00000007a7000000, 0x00000007a7000000|100%| E|CS|TAMS 0x00000007a6e00000, 0x00000007a6e00000| Complete 
| 926|0x00000007a7000000, 0x00000007a7200000, 0x00000007a7200000|100%| E|CS|TAMS 0x00000007a7000000, 0x00000007a7000000| Complete 
| 927|0x00000007a7200000, 0x00000007a7400000, 0x00000007a7400000|100%| E|CS|TAMS 0x00000007a7200000, 0x00000007a7200000| Complete 
| 928|0x00000007a7400000, 0x00000007a7600000, 0x00000007a7600000|100%| E|CS|TAMS 0x00000007a7400000, 0x00000007a7400000| Complete 
| 929|0x00000007a7600000, 0x00000007a7800000, 0x00000007a7800000|100%| E|CS|TAMS 0x00000007a7600000, 0x00000007a7600000| Complete 
| 930|0x00000007a7800000, 0x00000007a7a00000, 0x00000007a7a00000|100%| E|CS|TAMS 0x00000007a7800000, 0x00000007a7800000| Complete 
| 931|0x00000007a7a00000, 0x00000007a7c00000, 0x00000007a7c00000|100%| E|CS|TAMS 0x00000007a7a00000, 0x00000007a7a00000| Complete 
| 932|0x00000007a7c00000, 0x00000007a7e00000, 0x00000007a7e00000|100%| E|CS|TAMS 0x00000007a7c00000, 0x00000007a7c00000| Complete 
| 933|0x00000007a7e00000, 0x00000007a8000000, 0x00000007a8000000|100%| E|CS|TAMS 0x00000007a7e00000, 0x00000007a7e00000| Complete 
| 934|0x00000007a8000000, 0x00000007a8200000, 0x00000007a8200000|100%| E|CS|TAMS 0x00000007a8000000, 0x00000007a8000000| Complete 
| 935|0x00000007a8200000, 0x00000007a8400000, 0x00000007a8400000|100%| E|CS|TAMS 0x00000007a8200000, 0x00000007a8200000| Complete 
| 936|0x00000007a8400000, 0x00000007a8600000, 0x00000007a8600000|100%| E|CS|TAMS 0x00000007a8400000, 0x00000007a8400000| Complete 
| 937|0x00000007a8600000, 0x00000007a8800000, 0x00000007a8800000|100%| E|CS|TAMS 0x00000007a8600000, 0x00000007a8600000| Complete 
| 938|0x00000007a8800000, 0x00000007a8a00000, 0x00000007a8a00000|100%| E|CS|TAMS 0x00000007a8800000, 0x00000007a8800000| Complete 
| 939|0x00000007a8a00000, 0x00000007a8c00000, 0x00000007a8c00000|100%| E|CS|TAMS 0x00000007a8a00000, 0x00000007a8a00000| Complete 
| 940|0x00000007a8c00000, 0x00000007a8e00000, 0x00000007a8e00000|100%| E|CS|TAMS 0x00000007a8c00000, 0x00000007a8c00000| Complete 
| 941|0x00000007a8e00000, 0x00000007a9000000, 0x00000007a9000000|100%| E|CS|TAMS 0x00000007a8e00000, 0x00000007a8e00000| Complete 
| 942|0x00000007a9000000, 0x00000007a9200000, 0x00000007a9200000|100%| E|CS|TAMS 0x00000007a9000000, 0x00000007a9000000| Complete 
| 943|0x00000007a9200000, 0x00000007a9400000, 0x00000007a9400000|100%| E|CS|TAMS 0x00000007a9200000, 0x00000007a9200000| Complete 
| 944|0x00000007a9400000, 0x00000007a9600000, 0x00000007a9600000|100%| E|CS|TAMS 0x00000007a9400000, 0x00000007a9400000| Complete 
| 945|0x00000007a9600000, 0x00000007a9800000, 0x00000007a9800000|100%| E|CS|TAMS 0x00000007a9600000, 0x00000007a9600000| Complete 
| 946|0x00000007a9800000, 0x00000007a9a00000, 0x00000007a9a00000|100%| E|CS|TAMS 0x00000007a9800000, 0x00000007a9800000| Complete 
| 947|0x00000007a9a00000, 0x00000007a9c00000, 0x00000007a9c00000|100%| E|  |TAMS 0x00000007a9a00000, 0x00000007a9a00000| Complete 
| 948|0x00000007a9c00000, 0x00000007a9e00000, 0x00000007a9e00000|100%| E|CS|TAMS 0x00000007a9c00000, 0x00000007a9c00000| Complete 
| 949|0x00000007a9e00000, 0x00000007aa000000, 0x00000007aa000000|100%| E|CS|TAMS 0x00000007a9e00000, 0x00000007a9e00000| Complete 
| 950|0x00000007aa000000, 0x00000007aa200000, 0x00000007aa200000|100%| E|CS|TAMS 0x00000007aa000000, 0x00000007aa000000| Complete 
| 951|0x00000007aa200000, 0x00000007aa400000, 0x00000007aa400000|100%| E|CS|TAMS 0x00000007aa200000, 0x00000007aa200000| Complete 
| 952|0x00000007aa400000, 0x00000007aa600000, 0x00000007aa600000|100%| E|CS|TAMS 0x00000007aa400000, 0x00000007aa400000| Complete 
| 953|0x00000007aa600000, 0x00000007aa800000, 0x00000007aa800000|100%| E|CS|TAMS 0x00000007aa600000, 0x00000007aa600000| Complete 
| 954|0x00000007aa800000, 0x00000007aaa00000, 0x00000007aaa00000|100%| E|CS|TAMS 0x00000007aa800000, 0x00000007aa800000| Complete 
| 955|0x00000007aaa00000, 0x00000007aac00000, 0x00000007aac00000|100%| E|CS|TAMS 0x00000007aaa00000, 0x00000007aaa00000| Complete 
| 956|0x00000007aac00000, 0x00000007aae00000, 0x00000007aae00000|100%| E|CS|TAMS 0x00000007aac00000, 0x00000007aac00000| Complete 
| 957|0x00000007aae00000, 0x00000007ab000000, 0x00000007ab000000|100%| E|CS|TAMS 0x00000007aae00000, 0x00000007aae00000| Complete 
| 958|0x00000007ab000000, 0x00000007ab200000, 0x00000007ab200000|100%| E|CS|TAMS 0x00000007ab000000, 0x00000007ab000000| Complete 
| 959|0x00000007ab200000, 0x00000007ab400000, 0x00000007ab400000|100%| E|CS|TAMS 0x00000007ab200000, 0x00000007ab200000| Complete 
| 960|0x00000007ab400000, 0x00000007ab600000, 0x00000007ab600000|100%| E|CS|TAMS 0x00000007ab400000, 0x00000007ab400000| Complete 
| 961|0x00000007ab600000, 0x00000007ab800000, 0x00000007ab800000|100%| E|CS|TAMS 0x00000007ab600000, 0x00000007ab600000| Complete 
| 962|0x00000007ab800000, 0x00000007aba00000, 0x00000007aba00000|100%| E|CS|TAMS 0x00000007ab800000, 0x00000007ab800000| Complete 
| 963|0x00000007aba00000, 0x00000007abc00000, 0x00000007abc00000|100%| E|CS|TAMS 0x00000007aba00000, 0x00000007aba00000| Complete 
| 964|0x00000007abc00000, 0x00000007abe00000, 0x00000007abe00000|100%| E|CS|TAMS 0x00000007abc00000, 0x00000007abc00000| Complete 
| 965|0x00000007abe00000, 0x00000007ac000000, 0x00000007ac000000|100%| E|CS|TAMS 0x00000007abe00000, 0x00000007abe00000| Complete 
| 966|0x00000007ac000000, 0x00000007ac200000, 0x00000007ac200000|100%| E|CS|TAMS 0x00000007ac000000, 0x00000007ac000000| Complete 
| 967|0x00000007ac200000, 0x00000007ac400000, 0x00000007ac400000|100%| E|CS|TAMS 0x00000007ac200000, 0x00000007ac200000| Complete 
| 968|0x00000007ac400000, 0x00000007ac600000, 0x00000007ac600000|100%| E|CS|TAMS 0x00000007ac400000, 0x00000007ac400000| Complete 
| 969|0x00000007ac600000, 0x00000007ac800000, 0x00000007ac800000|100%| E|CS|TAMS 0x00000007ac600000, 0x00000007ac600000| Complete 
| 970|0x00000007ac800000, 0x00000007aca00000, 0x00000007aca00000|100%| E|CS|TAMS 0x00000007ac800000, 0x00000007ac800000| Complete 
| 971|0x00000007aca00000, 0x00000007acc00000, 0x00000007acc00000|100%| E|CS|TAMS 0x00000007aca00000, 0x00000007aca00000| Complete 
| 972|0x00000007acc00000, 0x00000007ace00000, 0x00000007ace00000|100%| E|CS|TAMS 0x00000007acc00000, 0x00000007acc00000| Complete 
| 973|0x00000007ace00000, 0x00000007ad000000, 0x00000007ad000000|100%| E|CS|TAMS 0x00000007ace00000, 0x00000007ace00000| Complete 
| 974|0x00000007ad000000, 0x00000007ad200000, 0x00000007ad200000|100%| E|CS|TAMS 0x00000007ad000000, 0x00000007ad000000| Complete 
| 975|0x00000007ad200000, 0x00000007ad400000, 0x00000007ad400000|100%| E|CS|TAMS 0x00000007ad200000, 0x00000007ad200000| Complete 
| 976|0x00000007ad400000, 0x00000007ad600000, 0x00000007ad600000|100%| E|CS|TAMS 0x00000007ad400000, 0x00000007ad400000| Complete 
| 977|0x00000007ad600000, 0x00000007ad800000, 0x00000007ad800000|100%| E|CS|TAMS 0x00000007ad600000, 0x00000007ad600000| Complete 
| 978|0x00000007ad800000, 0x00000007ada00000, 0x00000007ada00000|100%| E|CS|TAMS 0x00000007ad800000, 0x00000007ad800000| Complete 
| 979|0x00000007ada00000, 0x00000007adc00000, 0x00000007adc00000|100%| E|CS|TAMS 0x00000007ada00000, 0x00000007ada00000| Complete 
| 980|0x00000007adc00000, 0x00000007ade00000, 0x00000007ade00000|100%| E|CS|TAMS 0x00000007adc00000, 0x00000007adc00000| Complete 
| 981|0x00000007ade00000, 0x00000007ae000000, 0x00000007ae000000|100%| E|CS|TAMS 0x00000007ade00000, 0x00000007ade00000| Complete 
| 982|0x00000007ae000000, 0x00000007ae200000, 0x00000007ae200000|100%| E|CS|TAMS 0x00000007ae000000, 0x00000007ae000000| Complete 
| 983|0x00000007ae200000, 0x00000007ae400000, 0x00000007ae400000|100%| E|CS|TAMS 0x00000007ae200000, 0x00000007ae200000| Complete 
| 984|0x00000007ae400000, 0x00000007ae600000, 0x00000007ae600000|100%| E|CS|TAMS 0x00000007ae400000, 0x00000007ae400000| Complete 
| 985|0x00000007ae600000, 0x00000007ae800000, 0x00000007ae800000|100%| E|CS|TAMS 0x00000007ae600000, 0x00000007ae600000| Complete 
| 986|0x00000007ae800000, 0x00000007aea00000, 0x00000007aea00000|100%| E|CS|TAMS 0x00000007ae800000, 0x00000007ae800000| Complete 
| 987|0x00000007aea00000, 0x00000007aec00000, 0x00000007aec00000|100%| E|CS|TAMS 0x00000007aea00000, 0x00000007aea00000| Complete 
| 988|0x00000007aec00000, 0x00000007aee00000, 0x00000007aee00000|100%| E|CS|TAMS 0x00000007aec00000, 0x00000007aec00000| Complete 
| 989|0x00000007aee00000, 0x00000007af000000, 0x00000007af000000|100%| E|CS|TAMS 0x00000007aee00000, 0x00000007aee00000| Complete 
| 990|0x00000007af000000, 0x00000007af200000, 0x00000007af200000|100%| E|CS|TAMS 0x00000007af000000, 0x00000007af000000| Complete 
| 991|0x00000007af200000, 0x00000007af400000, 0x00000007af400000|100%| E|CS|TAMS 0x00000007af200000, 0x00000007af200000| Complete 
| 992|0x00000007af400000, 0x00000007af600000, 0x00000007af600000|100%| E|CS|TAMS 0x00000007af400000, 0x00000007af400000| Complete 
| 993|0x00000007af600000, 0x00000007af800000, 0x00000007af800000|100%| E|CS|TAMS 0x00000007af600000, 0x00000007af600000| Complete 
| 994|0x00000007af800000, 0x00000007afa00000, 0x00000007afa00000|100%| E|CS|TAMS 0x00000007af800000, 0x00000007af800000| Complete 
| 995|0x00000007afa00000, 0x00000007afc00000, 0x00000007afc00000|100%| E|CS|TAMS 0x00000007afa00000, 0x00000007afa00000| Complete 
| 996|0x00000007afc00000, 0x00000007afe00000, 0x00000007afe00000|100%| E|CS|TAMS 0x00000007afc00000, 0x00000007afc00000| Complete 
| 997|0x00000007afe00000, 0x00000007b0000000, 0x00000007b0000000|100%| E|CS|TAMS 0x00000007afe00000, 0x00000007afe00000| Complete 
| 998|0x00000007b0000000, 0x00000007b0200000, 0x00000007b0200000|100%| E|CS|TAMS 0x00000007b0000000, 0x00000007b0000000| Complete 
| 999|0x00000007b0200000, 0x00000007b0400000, 0x00000007b0400000|100%| E|CS|TAMS 0x00000007b0200000, 0x00000007b0200000| Complete 
|1000|0x00000007b0400000, 0x00000007b0600000, 0x00000007b0600000|100%| E|CS|TAMS 0x00000007b0400000, 0x00000007b0400000| Complete 
|1001|0x00000007b0600000, 0x00000007b0800000, 0x00000007b0800000|100%| E|CS|TAMS 0x00000007b0600000, 0x00000007b0600000| Complete 
|1002|0x00000007b0800000, 0x00000007b0a00000, 0x00000007b0a00000|100%| E|CS|TAMS 0x00000007b0800000, 0x00000007b0800000| Complete 
|1003|0x00000007b0a00000, 0x00000007b0c00000, 0x00000007b0c00000|100%| E|CS|TAMS 0x00000007b0a00000, 0x00000007b0a00000| Complete 
|1004|0x00000007b0c00000, 0x00000007b0e00000, 0x00000007b0e00000|100%| E|CS|TAMS 0x00000007b0c00000, 0x00000007b0c00000| Complete 
|1005|0x00000007b0e00000, 0x00000007b1000000, 0x00000007b1000000|100%| E|CS|TAMS 0x00000007b0e00000, 0x00000007b0e00000| Complete 
|1006|0x00000007b1000000, 0x00000007b1200000, 0x00000007b1200000|100%| E|CS|TAMS 0x00000007b1000000, 0x00000007b1000000| Complete 
|1007|0x00000007b1200000, 0x00000007b1400000, 0x00000007b1400000|100%| E|CS|TAMS 0x00000007b1200000, 0x00000007b1200000| Complete 
|1008|0x00000007b1400000, 0x00000007b1600000, 0x00000007b1600000|100%| E|CS|TAMS 0x00000007b1400000, 0x00000007b1400000| Complete 
|1009|0x00000007b1600000, 0x00000007b1800000, 0x00000007b1800000|100%| E|CS|TAMS 0x00000007b1600000, 0x00000007b1600000| Complete 
|1010|0x00000007b1800000, 0x00000007b1a00000, 0x00000007b1a00000|100%| E|CS|TAMS 0x00000007b1800000, 0x00000007b1800000| Complete 
|1011|0x00000007b1a00000, 0x00000007b1c00000, 0x00000007b1c00000|100%| E|CS|TAMS 0x00000007b1a00000, 0x00000007b1a00000| Complete 
|1012|0x00000007b1c00000, 0x00000007b1e00000, 0x00000007b1e00000|100%| E|CS|TAMS 0x00000007b1c00000, 0x00000007b1c00000| Complete 
|1013|0x00000007b1e00000, 0x00000007b2000000, 0x00000007b2000000|100%| E|CS|TAMS 0x00000007b1e00000, 0x00000007b1e00000| Complete 
|1014|0x00000007b2000000, 0x00000007b2200000, 0x00000007b2200000|100%| E|CS|TAMS 0x00000007b2000000, 0x00000007b2000000| Complete 
|1015|0x00000007b2200000, 0x00000007b2400000, 0x00000007b2400000|100%| E|CS|TAMS 0x00000007b2200000, 0x00000007b2200000| Complete 
|1016|0x00000007b2400000, 0x00000007b2600000, 0x00000007b2600000|100%| E|CS|TAMS 0x00000007b2400000, 0x00000007b2400000| Complete 
|1017|0x00000007b2600000, 0x00000007b2800000, 0x00000007b2800000|100%| E|CS|TAMS 0x00000007b2600000, 0x00000007b2600000| Complete 
|1018|0x00000007b2800000, 0x00000007b2a00000, 0x00000007b2a00000|100%| E|CS|TAMS 0x00000007b2800000, 0x00000007b2800000| Complete 
|1019|0x00000007b2a00000, 0x00000007b2c00000, 0x00000007b2c00000|100%| E|CS|TAMS 0x00000007b2a00000, 0x00000007b2a00000| Complete 
|1020|0x00000007b2c00000, 0x00000007b2e00000, 0x00000007b2e00000|100%| E|CS|TAMS 0x00000007b2c00000, 0x00000007b2c00000| Complete 
|1021|0x00000007b2e00000, 0x00000007b3000000, 0x00000007b3000000|100%| E|CS|TAMS 0x00000007b2e00000, 0x00000007b2e00000| Complete 
|1022|0x00000007b3000000, 0x00000007b3200000, 0x00000007b3200000|100%| E|CS|TAMS 0x00000007b3000000, 0x00000007b3000000| Complete 
|1023|0x00000007b3200000, 0x00000007b3400000, 0x00000007b3400000|100%| E|CS|TAMS 0x00000007b3200000, 0x00000007b3200000| Complete 
|1024|0x00000007b3400000, 0x00000007b3600000, 0x00000007b3600000|100%| E|CS|TAMS 0x00000007b3400000, 0x00000007b3400000| Complete 
|1025|0x00000007b3600000, 0x00000007b3800000, 0x00000007b3800000|100%| E|CS|TAMS 0x00000007b3600000, 0x00000007b3600000| Complete 
|1026|0x00000007b3800000, 0x00000007b3a00000, 0x00000007b3a00000|100%| E|CS|TAMS 0x00000007b3800000, 0x00000007b3800000| Complete 
|1027|0x00000007b3a00000, 0x00000007b3c00000, 0x00000007b3c00000|100%| E|CS|TAMS 0x00000007b3a00000, 0x00000007b3a00000| Complete 
|1028|0x00000007b3c00000, 0x00000007b3e00000, 0x00000007b3e00000|100%| E|CS|TAMS 0x00000007b3c00000, 0x00000007b3c00000| Complete 
|1029|0x00000007b3e00000, 0x00000007b4000000, 0x00000007b4000000|100%| E|CS|TAMS 0x00000007b3e00000, 0x00000007b3e00000| Complete 
|1030|0x00000007b4000000, 0x00000007b4200000, 0x00000007b4200000|100%| E|CS|TAMS 0x00000007b4000000, 0x00000007b4000000| Complete 
|1031|0x00000007b4200000, 0x00000007b4400000, 0x00000007b4400000|100%| E|CS|TAMS 0x00000007b4200000, 0x00000007b4200000| Complete 
|1032|0x00000007b4400000, 0x00000007b4600000, 0x00000007b4600000|100%| E|CS|TAMS 0x00000007b4400000, 0x00000007b4400000| Complete 
|1033|0x00000007b4600000, 0x00000007b4800000, 0x00000007b4800000|100%| E|CS|TAMS 0x00000007b4600000, 0x00000007b4600000| Complete 
|1034|0x00000007b4800000, 0x00000007b4a00000, 0x00000007b4a00000|100%| E|CS|TAMS 0x00000007b4800000, 0x00000007b4800000| Complete 
|1035|0x00000007b4a00000, 0x00000007b4c00000, 0x00000007b4c00000|100%| E|CS|TAMS 0x00000007b4a00000, 0x00000007b4a00000| Complete 
|1036|0x00000007b4c00000, 0x00000007b4e00000, 0x00000007b4e00000|100%| E|CS|TAMS 0x00000007b4c00000, 0x00000007b4c00000| Complete 
|1037|0x00000007b4e00000, 0x00000007b5000000, 0x00000007b5000000|100%| E|CS|TAMS 0x00000007b4e00000, 0x00000007b4e00000| Complete 
|1038|0x00000007b5000000, 0x00000007b5200000, 0x00000007b5200000|100%| E|CS|TAMS 0x00000007b5000000, 0x00000007b5000000| Complete 
|1039|0x00000007b5200000, 0x00000007b5400000, 0x00000007b5400000|100%| E|CS|TAMS 0x00000007b5200000, 0x00000007b5200000| Complete 
|1040|0x00000007b5400000, 0x00000007b5600000, 0x00000007b5600000|100%| E|CS|TAMS 0x00000007b5400000, 0x00000007b5400000| Complete 
|1041|0x00000007b5600000, 0x00000007b5800000, 0x00000007b5800000|100%| E|CS|TAMS 0x00000007b5600000, 0x00000007b5600000| Complete 
|1042|0x00000007b5800000, 0x00000007b5a00000, 0x00000007b5a00000|100%| E|CS|TAMS 0x00000007b5800000, 0x00000007b5800000| Complete 
|1043|0x00000007b5a00000, 0x00000007b5c00000, 0x00000007b5c00000|100%| E|CS|TAMS 0x00000007b5a00000, 0x00000007b5a00000| Complete 
|1044|0x00000007b5c00000, 0x00000007b5e00000, 0x00000007b5e00000|100%| E|CS|TAMS 0x00000007b5c00000, 0x00000007b5c00000| Complete 
|1045|0x00000007b5e00000, 0x00000007b6000000, 0x00000007b6000000|100%| E|CS|TAMS 0x00000007b5e00000, 0x00000007b5e00000| Complete 
|1046|0x00000007b6000000, 0x00000007b6200000, 0x00000007b6200000|100%| E|CS|TAMS 0x00000007b6000000, 0x00000007b6000000| Complete 
|1047|0x00000007b6200000, 0x00000007b6400000, 0x00000007b6400000|100%| E|CS|TAMS 0x00000007b6200000, 0x00000007b6200000| Complete 
|1048|0x00000007b6400000, 0x00000007b6600000, 0x00000007b6600000|100%| E|CS|TAMS 0x00000007b6400000, 0x00000007b6400000| Complete 
|1049|0x00000007b6600000, 0x00000007b6800000, 0x00000007b6800000|100%| E|CS|TAMS 0x00000007b6600000, 0x00000007b6600000| Complete 
|1050|0x00000007b6800000, 0x00000007b6a00000, 0x00000007b6a00000|100%| E|CS|TAMS 0x00000007b6800000, 0x00000007b6800000| Complete 
|1051|0x00000007b6a00000, 0x00000007b6c00000, 0x00000007b6c00000|100%| E|CS|TAMS 0x00000007b6a00000, 0x00000007b6a00000| Complete 
|1052|0x00000007b6c00000, 0x00000007b6e00000, 0x00000007b6e00000|100%| E|CS|TAMS 0x00000007b6c00000, 0x00000007b6c00000| Complete 
|1053|0x00000007b6e00000, 0x00000007b7000000, 0x00000007b7000000|100%| E|CS|TAMS 0x00000007b6e00000, 0x00000007b6e00000| Complete 
|1054|0x00000007b7000000, 0x00000007b7200000, 0x00000007b7200000|100%| E|CS|TAMS 0x00000007b7000000, 0x00000007b7000000| Complete 
|1055|0x00000007b7200000, 0x00000007b7400000, 0x00000007b7400000|100%| E|CS|TAMS 0x00000007b7200000, 0x00000007b7200000| Complete 
|1056|0x00000007b7400000, 0x00000007b7600000, 0x00000007b7600000|100%| E|CS|TAMS 0x00000007b7400000, 0x00000007b7400000| Complete 
|1057|0x00000007b7600000, 0x00000007b7800000, 0x00000007b7800000|100%| E|CS|TAMS 0x00000007b7600000, 0x00000007b7600000| Complete 
|1058|0x00000007b7800000, 0x00000007b7a00000, 0x00000007b7a00000|100%| E|CS|TAMS 0x00000007b7800000, 0x00000007b7800000| Complete 
|1059|0x00000007b7a00000, 0x00000007b7c00000, 0x00000007b7c00000|100%| E|CS|TAMS 0x00000007b7a00000, 0x00000007b7a00000| Complete 
|1060|0x00000007b7c00000, 0x00000007b7e00000, 0x00000007b7e00000|100%| E|CS|TAMS 0x00000007b7c00000, 0x00000007b7c00000| Complete 
|1061|0x00000007b7e00000, 0x00000007b8000000, 0x00000007b8000000|100%| E|CS|TAMS 0x00000007b7e00000, 0x00000007b7e00000| Complete 
|1062|0x00000007b8000000, 0x00000007b8200000, 0x00000007b8200000|100%| E|CS|TAMS 0x00000007b8000000, 0x00000007b8000000| Complete 
|1063|0x00000007b8200000, 0x00000007b8400000, 0x00000007b8400000|100%| E|CS|TAMS 0x00000007b8200000, 0x00000007b8200000| Complete 
|1064|0x00000007b8400000, 0x00000007b8600000, 0x00000007b8600000|100%| E|CS|TAMS 0x00000007b8400000, 0x00000007b8400000| Complete 
|1065|0x00000007b8600000, 0x00000007b8800000, 0x00000007b8800000|100%| E|CS|TAMS 0x00000007b8600000, 0x00000007b8600000| Complete 
|1066|0x00000007b8800000, 0x00000007b8a00000, 0x00000007b8a00000|100%| E|CS|TAMS 0x00000007b8800000, 0x00000007b8800000| Complete 
|1067|0x00000007b8a00000, 0x00000007b8c00000, 0x00000007b8c00000|100%| E|CS|TAMS 0x00000007b8a00000, 0x00000007b8a00000| Complete 
|1068|0x00000007b8c00000, 0x00000007b8e00000, 0x00000007b8e00000|100%| E|CS|TAMS 0x00000007b8c00000, 0x00000007b8c00000| Complete 
|1069|0x00000007b8e00000, 0x00000007b9000000, 0x00000007b9000000|100%| E|CS|TAMS 0x00000007b8e00000, 0x00000007b8e00000| Complete 
|1070|0x00000007b9000000, 0x00000007b9200000, 0x00000007b9200000|100%| E|CS|TAMS 0x00000007b9000000, 0x00000007b9000000| Complete 
|1071|0x00000007b9200000, 0x00000007b9400000, 0x00000007b9400000|100%| E|CS|TAMS 0x00000007b9200000, 0x00000007b9200000| Complete 
|1072|0x00000007b9400000, 0x00000007b9600000, 0x00000007b9600000|100%| E|CS|TAMS 0x00000007b9400000, 0x00000007b9400000| Complete 
|1073|0x00000007b9600000, 0x00000007b9800000, 0x00000007b9800000|100%| E|CS|TAMS 0x00000007b9600000, 0x00000007b9600000| Complete 
|1074|0x00000007b9800000, 0x00000007b9a00000, 0x00000007b9a00000|100%| E|CS|TAMS 0x00000007b9800000, 0x00000007b9800000| Complete 
|1075|0x00000007b9a00000, 0x00000007b9c00000, 0x00000007b9c00000|100%| E|CS|TAMS 0x00000007b9a00000, 0x00000007b9a00000| Complete 
|1076|0x00000007b9c00000, 0x00000007b9e00000, 0x00000007b9e00000|100%| E|CS|TAMS 0x00000007b9c00000, 0x00000007b9c00000| Complete 
|1077|0x00000007b9e00000, 0x00000007ba000000, 0x00000007ba000000|100%| E|CS|TAMS 0x00000007b9e00000, 0x00000007b9e00000| Complete 
|1078|0x00000007ba000000, 0x00000007ba200000, 0x00000007ba200000|100%| E|CS|TAMS 0x00000007ba000000, 0x00000007ba000000| Complete 
|1079|0x00000007ba200000, 0x00000007ba400000, 0x00000007ba400000|100%| E|CS|TAMS 0x00000007ba200000, 0x00000007ba200000| Complete 
|1468|0x00000007eac00000, 0x00000007ead05000, 0x00000007eae00000| 50%| O|  |TAMS 0x00000007eac00000, 0x00000007eac00000| Untracked 
|1469|0x00000007eae00000, 0x00000007eb000000, 0x00000007eb000000|100%| O|  |TAMS 0x00000007eb000000, 0x00000007eae00000| Untracked 
|1470|0x00000007eb000000, 0x00000007eb200000, 0x00000007eb200000|100%| O|  |TAMS 0x00000007eb200000, 0x00000007eb000000| Complete 
|1471|0x00000007eb200000, 0x00000007eb400000, 0x00000007eb400000|100%| O|  |TAMS 0x00000007eb400000, 0x00000007eb200000| Complete 
|1472|0x00000007eb400000, 0x00000007eb600000, 0x00000007eb600000|100%| O|  |TAMS 0x00000007eb600000, 0x00000007eb400000| Untracked 
|1473|0x00000007eb600000, 0x00000007eb800000, 0x00000007eb800000|100%| O|  |TAMS 0x00000007eb800000, 0x00000007eb600000| Untracked 
|1474|0x00000007eb800000, 0x00000007eba00000, 0x00000007eba00000|100%| O|  |TAMS 0x00000007eba00000, 0x00000007eb800000| Untracked 
|1475|0x00000007eba00000, 0x00000007ebc00000, 0x00000007ebc00000|100%| O|  |TAMS 0x00000007ebc00000, 0x00000007eba00000| Untracked 
|1476|0x00000007ebc00000, 0x00000007ebe00000, 0x00000007ebe00000|100%| O|  |TAMS 0x00000007ebe00000, 0x00000007ebc00000| Untracked 
|1477|0x00000007ebe00000, 0x00000007ec000000, 0x00000007ec000000|100%| O|  |TAMS 0x00000007ec000000, 0x00000007ebe00000| Untracked 
|1478|0x00000007ec000000, 0x00000007ec200000, 0x00000007ec200000|100%| O|  |TAMS 0x00000007ec200000, 0x00000007ec000000| Untracked 
|1479|0x00000007ec200000, 0x00000007ec400000, 0x00000007ec400000|100%| O|  |TAMS 0x00000007ec400000, 0x00000007ec200000| Untracked 
|1480|0x00000007ec400000, 0x00000007ec600000, 0x00000007ec600000|100%| O|  |TAMS 0x00000007ec600000, 0x00000007ec400000| Complete 
|1481|0x00000007ec600000, 0x00000007ec800000, 0x00000007ec800000|100%| O|  |TAMS 0x00000007ec800000, 0x00000007ec600000| Complete 
|1482|0x00000007ec800000, 0x00000007eca00000, 0x00000007eca00000|100%| E|CS|TAMS 0x00000007ec800000, 0x00000007ec800000| Complete 
|1483|0x00000007eca00000, 0x00000007ecc00000, 0x00000007ecc00000|100%| O|  |TAMS 0x00000007ecc00000, 0x00000007eca00000| Complete 
|1484|0x00000007ecc00000, 0x00000007ece00000, 0x00000007ece00000|100%| O|  |TAMS 0x00000007ece00000, 0x00000007ecc00000| Complete 
|1485|0x00000007ece00000, 0x00000007ed000000, 0x00000007ed000000|100%| O|  |TAMS 0x00000007ed000000, 0x00000007ece00000| Complete 
|1486|0x00000007ed000000, 0x00000007ed200000, 0x00000007ed200000|100%| O|  |TAMS 0x00000007ed200000, 0x00000007ed000000| Complete 
|1487|0x00000007ed200000, 0x00000007ed400000, 0x00000007ed400000|100%| O|  |TAMS 0x00000007ed400000, 0x00000007ed200000| Complete 
|1488|0x00000007ed400000, 0x00000007ed600000, 0x00000007ed600000|100%| O|  |TAMS 0x00000007ed600000, 0x00000007ed400000| Complete 
|1489|0x00000007ed600000, 0x00000007ed800000, 0x00000007ed800000|100%| O|  |TAMS 0x00000007ed800000, 0x00000007ed600000| Complete 
|1490|0x00000007ed800000, 0x00000007eda00000, 0x00000007eda00000|100%| O|  |TAMS 0x00000007eda00000, 0x00000007ed800000| Complete 
|1491|0x00000007eda00000, 0x00000007edc00000, 0x00000007edc00000|100%| O|  |TAMS 0x00000007edc00000, 0x00000007eda00000| Complete 
|1492|0x00000007edc00000, 0x00000007ede00000, 0x00000007ede00000|100%| O|  |TAMS 0x00000007ede00000, 0x00000007edc00000| Complete 
|1493|0x00000007ede00000, 0x00000007ee000000, 0x00000007ee000000|100%| O|  |TAMS 0x00000007ee000000, 0x00000007ede00000| Untracked 
|1494|0x00000007ee000000, 0x00000007ee200000, 0x00000007ee200000|100%| O|  |TAMS 0x00000007ee200000, 0x00000007ee000000| Complete 
|1495|0x00000007ee200000, 0x00000007ee400000, 0x00000007ee400000|100%| O|  |TAMS 0x00000007ee400000, 0x00000007ee200000| Complete 
|1496|0x00000007ee400000, 0x00000007ee600000, 0x00000007ee600000|100%| O|  |TAMS 0x00000007ee600000, 0x00000007ee400000| Untracked 
|1497|0x00000007ee600000, 0x00000007ee800000, 0x00000007ee800000|100%| O|  |TAMS 0x00000007ee800000, 0x00000007ee600000| Untracked 
|1498|0x00000007ee800000, 0x00000007eea00000, 0x00000007eea00000|100%| O|  |TAMS 0x00000007eea00000, 0x00000007ee800000| Untracked 
|1499|0x00000007eea00000, 0x00000007eec00000, 0x00000007eec00000|100%| O|  |TAMS 0x00000007eec00000, 0x00000007eea00000| Untracked 
|1500|0x00000007eec00000, 0x00000007eee00000, 0x00000007eee00000|100%| O|  |TAMS 0x00000007eee00000, 0x00000007eec00000| Untracked 
|1501|0x00000007eee00000, 0x00000007ef000000, 0x00000007ef000000|100%| O|  |TAMS 0x00000007ef000000, 0x00000007eee00000| Untracked 
|1502|0x00000007ef000000, 0x00000007ef200000, 0x00000007ef200000|100%| O|  |TAMS 0x00000007ef200000, 0x00000007ef000000| Untracked 
|1503|0x00000007ef200000, 0x00000007ef400000, 0x00000007ef400000|100%| O|  |TAMS 0x00000007ef400000, 0x00000007ef200000| Untracked 
|1504|0x00000007ef400000, 0x00000007ef600000, 0x00000007ef600000|100%| O|  |TAMS 0x00000007ef600000, 0x00000007ef400000| Untracked 
|1505|0x00000007ef600000, 0x00000007ef800000, 0x00000007ef800000|100%| O|  |TAMS 0x00000007ef800000, 0x00000007ef600000| Untracked 
|1506|0x00000007ef800000, 0x00000007efa00000, 0x00000007efa00000|100%| O|  |TAMS 0x00000007efa00000, 0x00000007ef800000| Untracked 
|1507|0x00000007efa00000, 0x00000007efc00000, 0x00000007efc00000|100%| O|  |TAMS 0x00000007efc00000, 0x00000007efa00000| Untracked 
|1508|0x00000007efc00000, 0x00000007efe00000, 0x00000007efe00000|100%| O|  |TAMS 0x00000007efe00000, 0x00000007efc00000| Untracked 
|1509|0x00000007efe00000, 0x00000007f0000000, 0x00000007f0000000|100%| O|  |TAMS 0x00000007f0000000, 0x00000007efe00000| Untracked 
|1510|0x00000007f0000000, 0x00000007f0200000, 0x00000007f0200000|100%| E|CS|TAMS 0x00000007f0000000, 0x00000007f0000000| Complete 
|1511|0x00000007f0200000, 0x00000007f0400000, 0x00000007f0400000|100%| O|  |TAMS 0x00000007f0400000, 0x00000007f0200000| Untracked 
|1512|0x00000007f0400000, 0x00000007f0600000, 0x00000007f0600000|100%| E|CS|TAMS 0x00000007f0400000, 0x00000007f0400000| Complete 
|1513|0x00000007f0600000, 0x00000007f0800000, 0x00000007f0800000|100%| E|CS|TAMS 0x00000007f0600000, 0x00000007f0600000| Complete 
|1514|0x00000007f0800000, 0x00000007f0a00000, 0x00000007f0a00000|100%| O|  |TAMS 0x00000007f0a00000, 0x00000007f0800000| Untracked 
|1515|0x00000007f0a00000, 0x00000007f0c00000, 0x00000007f0c00000|100%| O|  |TAMS 0x00000007f0c00000, 0x00000007f0a00000| Untracked 
|1516|0x00000007f0c00000, 0x00000007f0e00000, 0x00000007f0e00000|100%| O|  |TAMS 0x00000007f0e00000, 0x00000007f0c00000| Untracked 
|1517|0x00000007f0e00000, 0x00000007f1000000, 0x00000007f1000000|100%| O|  |TAMS 0x00000007f1000000, 0x00000007f0e00000| Complete 
|1518|0x00000007f1000000, 0x00000007f1200000, 0x00000007f1200000|100%| O|  |TAMS 0x00000007f1200000, 0x00000007f1000000| Untracked 
|1519|0x00000007f1200000, 0x00000007f1400000, 0x00000007f1400000|100%| O|  |TAMS 0x00000007f1400000, 0x00000007f1200000| Complete 
|1520|0x00000007f1400000, 0x00000007f1600000, 0x00000007f1600000|100%| O|  |TAMS 0x00000007f1600000, 0x00000007f1400000| Complete 
|1521|0x00000007f1600000, 0x00000007f1800000, 0x00000007f1800000|100%| O|  |TAMS 0x00000007f1800000, 0x00000007f1600000| Complete 
|1522|0x00000007f1800000, 0x00000007f1a00000, 0x00000007f1a00000|100%| O|  |TAMS 0x00000007f1a00000, 0x00000007f1800000| Complete 
|1523|0x00000007f1a00000, 0x00000007f1c00000, 0x00000007f1c00000|100%| O|  |TAMS 0x00000007f1c00000, 0x00000007f1a00000| Complete 
|1524|0x00000007f1c00000, 0x00000007f1e00000, 0x00000007f1e00000|100%| O|  |TAMS 0x00000007f1e00000, 0x00000007f1c00000| Complete 
|1525|0x00000007f1e00000, 0x00000007f2000000, 0x00000007f2000000|100%| E|CS|TAMS 0x00000007f1e00000, 0x00000007f1e00000| Complete 
|1526|0x00000007f2000000, 0x00000007f2200000, 0x00000007f2200000|100%| O|  |TAMS 0x00000007f2200000, 0x00000007f2000000| Untracked 
|1527|0x00000007f2200000, 0x00000007f2400000, 0x00000007f2400000|100%| O|  |TAMS 0x00000007f2400000, 0x00000007f2200000| Untracked 
|1528|0x00000007f2400000, 0x00000007f2600000, 0x00000007f2600000|100%| O|  |TAMS 0x00000007f2600000, 0x00000007f2400000| Untracked 
|1529|0x00000007f2600000, 0x00000007f2800000, 0x00000007f2800000|100%| O|  |TAMS 0x00000007f2800000, 0x00000007f2600000| Untracked 
|1530|0x00000007f2800000, 0x00000007f2a00000, 0x00000007f2a00000|100%| O|  |TAMS 0x00000007f2a00000, 0x00000007f2800000| Untracked 
|1531|0x00000007f2a00000, 0x00000007f2c00000, 0x00000007f2c00000|100%| O|  |TAMS 0x00000007f2c00000, 0x00000007f2a00000| Untracked 
|1532|0x00000007f2c00000, 0x00000007f2e00000, 0x00000007f2e00000|100%| O|  |TAMS 0x00000007f2e00000, 0x00000007f2c00000| Untracked 
|1533|0x00000007f2e00000, 0x00000007f3000000, 0x00000007f3000000|100%| O|  |TAMS 0x00000007f3000000, 0x00000007f2e00000| Untracked 
|1534|0x00000007f3000000, 0x00000007f3200000, 0x00000007f3200000|100%| O|  |TAMS 0x00000007f3200000, 0x00000007f3000000| Untracked 
|1535|0x00000007f3200000, 0x00000007f3400000, 0x00000007f3400000|100%| O|  |TAMS 0x00000007f3400000, 0x00000007f3200000| Untracked 
|1536|0x00000007f3400000, 0x00000007f3600000, 0x00000007f3600000|100%| O|  |TAMS 0x00000007f3600000, 0x00000007f3400000| Untracked 
|1537|0x00000007f3600000, 0x00000007f3800000, 0x00000007f3800000|100%| O|  |TAMS 0x00000007f3800000, 0x00000007f3600000| Untracked 
|1538|0x00000007f3800000, 0x00000007f3a00000, 0x00000007f3a00000|100%| O|  |TAMS 0x00000007f3a00000, 0x00000007f3800000| Untracked 
|1539|0x00000007f3a00000, 0x00000007f3c00000, 0x00000007f3c00000|100%| O|  |TAMS 0x00000007f3c00000, 0x00000007f3a00000| Untracked 
|1540|0x00000007f3c00000, 0x00000007f3e00000, 0x00000007f3e00000|100%| O|  |TAMS 0x00000007f3e00000, 0x00000007f3c00000| Untracked 
|1541|0x00000007f3e00000, 0x00000007f4000000, 0x00000007f4000000|100%| O|  |TAMS 0x00000007f4000000, 0x00000007f3e00000| Untracked 
|1542|0x00000007f4000000, 0x00000007f4200000, 0x00000007f4200000|100%| E|CS|TAMS 0x00000007f4000000, 0x00000007f4000000| Complete 
|1543|0x00000007f4200000, 0x00000007f4400000, 0x00000007f4400000|100%| O|  |TAMS 0x00000007f4400000, 0x00000007f4200000| Untracked 
|1544|0x00000007f4400000, 0x00000007f4600000, 0x00000007f4600000|100%| O|  |TAMS 0x00000007f4600000, 0x00000007f4400000| Untracked 
|1545|0x00000007f4600000, 0x00000007f4800000, 0x00000007f4800000|100%| O|  |TAMS 0x00000007f4800000, 0x00000007f4600000| Untracked 
|1546|0x00000007f4800000, 0x00000007f4a00000, 0x00000007f4a00000|100%| O|  |TAMS 0x00000007f4a00000, 0x00000007f4800000| Untracked 
|1547|0x00000007f4a00000, 0x00000007f4c00000, 0x00000007f4c00000|100%| O|  |TAMS 0x00000007f4c00000, 0x00000007f4a00000| Untracked 
|1548|0x00000007f4c00000, 0x00000007f4e00000, 0x00000007f4e00000|100%| O|  |TAMS 0x00000007f4e00000, 0x00000007f4c00000| Untracked 
|1549|0x00000007f4e00000, 0x00000007f5000000, 0x00000007f5000000|100%| O|  |TAMS 0x00000007f5000000, 0x00000007f4e00000| Untracked 
|1550|0x00000007f5000000, 0x00000007f5200000, 0x00000007f5200000|100%| O|  |TAMS 0x00000007f5200000, 0x00000007f5000000| Untracked 
|1551|0x00000007f5200000, 0x00000007f5400000, 0x00000007f5400000|100%| E|CS|TAMS 0x00000007f5200000, 0x00000007f5200000| Complete 
|1552|0x00000007f5400000, 0x00000007f5600000, 0x00000007f5600000|100%| O|  |TAMS 0x00000007f5600000, 0x00000007f5400000| Untracked 
|1553|0x00000007f5600000, 0x00000007f5800000, 0x00000007f5800000|100%| O|  |TAMS 0x00000007f5800000, 0x00000007f5600000| Untracked 
|1554|0x00000007f5800000, 0x00000007f5a00000, 0x00000007f5a00000|100%| O|  |TAMS 0x00000007f5a00000, 0x00000007f5800000| Untracked 
|1555|0x00000007f5a00000, 0x00000007f5c00000, 0x00000007f5c00000|100%| O|  |TAMS 0x00000007f5c00000, 0x00000007f5a00000| Untracked 
|1556|0x00000007f5c00000, 0x00000007f5e00000, 0x00000007f5e00000|100%| O|  |TAMS 0x00000007f5e00000, 0x00000007f5c00000| Untracked 
|1557|0x00000007f5e00000, 0x00000007f6000000, 0x00000007f6000000|100%| O|  |TAMS 0x00000007f6000000, 0x00000007f5e00000| Untracked 
|1558|0x00000007f6000000, 0x00000007f6200000, 0x00000007f6200000|100%| O|  |TAMS 0x00000007f6200000, 0x00000007f6000000| Untracked 
|1559|0x00000007f6200000, 0x00000007f6400000, 0x00000007f6400000|100%| O|  |TAMS 0x00000007f6400000, 0x00000007f6200000| Untracked 
|1560|0x00000007f6400000, 0x00000007f6600000, 0x00000007f6600000|100%| O|  |TAMS 0x00000007f6600000, 0x00000007f6400000| Untracked 
|1561|0x00000007f6600000, 0x00000007f6800000, 0x00000007f6800000|100%| O|  |TAMS 0x00000007f6800000, 0x00000007f6600000| Untracked 
|1562|0x00000007f6800000, 0x00000007f6a00000, 0x00000007f6a00000|100%| O|  |TAMS 0x00000007f6a00000, 0x00000007f6800000| Untracked 
|1563|0x00000007f6a00000, 0x00000007f6c00000, 0x00000007f6c00000|100%| O|  |TAMS 0x00000007f6c00000, 0x00000007f6a00000| Untracked 
|1564|0x00000007f6c00000, 0x00000007f6e00000, 0x00000007f6e00000|100%| O|  |TAMS 0x00000007f6e00000, 0x00000007f6c00000| Untracked 
|1565|0x00000007f6e00000, 0x00000007f7000000, 0x00000007f7000000|100%| O|  |TAMS 0x00000007f7000000, 0x00000007f6e00000| Untracked 
|1566|0x00000007f7000000, 0x00000007f7200000, 0x00000007f7200000|100%| O|  |TAMS 0x00000007f7200000, 0x00000007f7000000| Untracked 
|1567|0x00000007f7200000, 0x00000007f7400000, 0x00000007f7400000|100%| E|CS|TAMS 0x00000007f7200000, 0x00000007f7200000| Complete 
|1568|0x00000007f7400000, 0x00000007f7600000, 0x00000007f7600000|100%| O|  |TAMS 0x00000007f7600000, 0x00000007f7400000| Untracked 
|1569|0x00000007f7600000, 0x00000007f7800000, 0x00000007f7800000|100%| O|  |TAMS 0x00000007f7800000, 0x00000007f7600000| Untracked 
|1570|0x00000007f7800000, 0x00000007f7a00000, 0x00000007f7a00000|100%| O|  |TAMS 0x00000007f7a00000, 0x00000007f7800000| Untracked 
|1571|0x00000007f7a00000, 0x00000007f7c00000, 0x00000007f7c00000|100%| O|  |TAMS 0x00000007f7c00000, 0x00000007f7a00000| Untracked 
|1572|0x00000007f7c00000, 0x00000007f7e00000, 0x00000007f7e00000|100%| O|  |TAMS 0x00000007f7e00000, 0x00000007f7c00000| Untracked 
|1573|0x00000007f7e00000, 0x00000007f8000000, 0x00000007f8000000|100%| O|  |TAMS 0x00000007f8000000, 0x00000007f7e00000| Untracked 
|1574|0x00000007f8000000, 0x00000007f8200000, 0x00000007f8200000|100%| O|  |TAMS 0x00000007f8200000, 0x00000007f8000000| Untracked 
|1575|0x00000007f8200000, 0x00000007f8400000, 0x00000007f8400000|100%| O|  |TAMS 0x00000007f8400000, 0x00000007f8200000| Untracked 
|1576|0x00000007f8400000, 0x00000007f8600000, 0x00000007f8600000|100%| O|  |TAMS 0x00000007f8600000, 0x00000007f8400000| Untracked 
|1577|0x00000007f8600000, 0x00000007f8800000, 0x00000007f8800000|100%| O|  |TAMS 0x00000007f8800000, 0x00000007f8600000| Untracked 
|1578|0x00000007f8800000, 0x00000007f8a00000, 0x00000007f8a00000|100%| O|  |TAMS 0x00000007f8a00000, 0x00000007f8800000| Untracked 
|1579|0x00000007f8a00000, 0x00000007f8c00000, 0x00000007f8c00000|100%| O|  |TAMS 0x00000007f8c00000, 0x00000007f8a00000| Untracked 
|1580|0x00000007f8c00000, 0x00000007f8e00000, 0x00000007f8e00000|100%| O|  |TAMS 0x00000007f8e00000, 0x00000007f8c00000| Untracked 
|1581|0x00000007f8e00000, 0x00000007f9000000, 0x00000007f9000000|100%| O|  |TAMS 0x00000007f9000000, 0x00000007f8e00000| Untracked 
|1582|0x00000007f9000000, 0x00000007f9200000, 0x00000007f9200000|100%| O|  |TAMS 0x00000007f9200000, 0x00000007f9000000| Untracked 
|1583|0x00000007f9200000, 0x00000007f9400000, 0x00000007f9400000|100%| O|  |TAMS 0x00000007f9400000, 0x00000007f9200000| Untracked 
|1584|0x00000007f9400000, 0x00000007f9600000, 0x00000007f9600000|100%| O|  |TAMS 0x00000007f9600000, 0x00000007f9400000| Untracked 
|1585|0x00000007f9600000, 0x00000007f9800000, 0x00000007f9800000|100%| O|  |TAMS 0x00000007f9800000, 0x00000007f9600000| Untracked 
|1586|0x00000007f9800000, 0x00000007f9a00000, 0x00000007f9a00000|100%| O|  |TAMS 0x00000007f9a00000, 0x00000007f9800000| Untracked 
|1587|0x00000007f9a00000, 0x00000007f9c00000, 0x00000007f9c00000|100%| O|  |TAMS 0x00000007f9c00000, 0x00000007f9a00000| Untracked 
|1588|0x00000007f9c00000, 0x00000007f9e00000, 0x00000007f9e00000|100%| O|  |TAMS 0x00000007f9e00000, 0x00000007f9c00000| Untracked 
|1589|0x00000007f9e00000, 0x00000007fa000000, 0x00000007fa000000|100%| O|  |TAMS 0x00000007fa000000, 0x00000007f9e00000| Untracked 
|1590|0x00000007fa000000, 0x00000007fa200000, 0x00000007fa200000|100%| O|  |TAMS 0x00000007fa200000, 0x00000007fa000000| Untracked 
|1591|0x00000007fa200000, 0x00000007fa400000, 0x00000007fa400000|100%| O|  |TAMS 0x00000007fa400000, 0x00000007fa200000| Untracked 
|1592|0x00000007fa400000, 0x00000007fa600000, 0x00000007fa600000|100%| O|  |TAMS 0x00000007fa600000, 0x00000007fa400000| Untracked 
|1593|0x00000007fa600000, 0x00000007fa800000, 0x00000007fa800000|100%| O|  |TAMS 0x00000007fa800000, 0x00000007fa600000| Untracked 
|1594|0x00000007fa800000, 0x00000007faa00000, 0x00000007faa00000|100%| O|  |TAMS 0x00000007faa00000, 0x00000007fa800000| Untracked 
|1595|0x00000007faa00000, 0x00000007fac00000, 0x00000007fac00000|100%| O|  |TAMS 0x00000007fac00000, 0x00000007faa00000| Untracked 
|1596|0x00000007fac00000, 0x00000007fae00000, 0x00000007fae00000|100%| O|  |TAMS 0x00000007fae00000, 0x00000007fac00000| Untracked 
|1597|0x00000007fae00000, 0x00000007fb000000, 0x00000007fb000000|100%| O|  |TAMS 0x00000007fb000000, 0x00000007fae00000| Untracked 
|1598|0x00000007fb000000, 0x00000007fb200000, 0x00000007fb200000|100%| O|  |TAMS 0x00000007fb200000, 0x00000007fb000000| Untracked 
|1599|0x00000007fb200000, 0x00000007fb400000, 0x00000007fb400000|100%| O|  |TAMS 0x00000007fb400000, 0x00000007fb200000| Untracked 
|1600|0x00000007fb400000, 0x00000007fb600000, 0x00000007fb600000|100%| O|  |TAMS 0x00000007fb600000, 0x00000007fb400000| Untracked 
|1601|0x00000007fb600000, 0x00000007fb800000, 0x00000007fb800000|100%| O|  |TAMS 0x00000007fb800000, 0x00000007fb600000| Untracked 
|1602|0x00000007fb800000, 0x00000007fba00000, 0x00000007fba00000|100%| O|  |TAMS 0x00000007fba00000, 0x00000007fb800000| Untracked 
|1603|0x00000007fba00000, 0x00000007fbc00000, 0x00000007fbc00000|100%| O|  |TAMS 0x00000007fbc00000, 0x00000007fba00000| Untracked 
|1604|0x00000007fbc00000, 0x00000007fbe00000, 0x00000007fbe00000|100%| O|  |TAMS 0x00000007fbe00000, 0x00000007fbc00000| Untracked 
|1605|0x00000007fbe00000, 0x00000007fc000000, 0x00000007fc000000|100%| O|  |TAMS 0x00000007fc000000, 0x00000007fbe00000| Untracked 
|1606|0x00000007fc000000, 0x00000007fc200000, 0x00000007fc200000|100%| O|  |TAMS 0x00000007fc200000, 0x00000007fc000000| Untracked 
|1607|0x00000007fc200000, 0x00000007fc400000, 0x00000007fc400000|100%| O|  |TAMS 0x00000007fc400000, 0x00000007fc200000| Untracked 
|1608|0x00000007fc400000, 0x00000007fc600000, 0x00000007fc600000|100%| O|  |TAMS 0x00000007fc600000, 0x00000007fc400000| Untracked 
|1609|0x00000007fc600000, 0x00000007fc800000, 0x00000007fc800000|100%| O|  |TAMS 0x00000007fc800000, 0x00000007fc600000| Untracked 
|1610|0x00000007fc800000, 0x00000007fca00000, 0x00000007fca00000|100%| O|  |TAMS 0x00000007fca00000, 0x00000007fc800000| Untracked 
|1611|0x00000007fca00000, 0x00000007fcc00000, 0x00000007fcc00000|100%| O|  |TAMS 0x00000007fcc00000, 0x00000007fca00000| Untracked 
|1612|0x00000007fcc00000, 0x00000007fce00000, 0x00000007fce00000|100%| O|  |TAMS 0x00000007fce00000, 0x00000007fcc00000| Untracked 
|1613|0x00000007fce00000, 0x00000007fd000000, 0x00000007fd000000|100%| O|  |TAMS 0x00000007fd000000, 0x00000007fce00000| Untracked 
|1614|0x00000007fd000000, 0x00000007fd200000, 0x00000007fd200000|100%| O|  |TAMS 0x00000007fd200000, 0x00000007fd000000| Untracked 
|1615|0x00000007fd200000, 0x00000007fd400000, 0x00000007fd400000|100%| O|  |TAMS 0x00000007fd400000, 0x00000007fd200000| Untracked 
|1616|0x00000007fd400000, 0x00000007fd600000, 0x00000007fd600000|100%| O|  |TAMS 0x00000007fd600000, 0x00000007fd400000| Untracked 
|1617|0x00000007fd600000, 0x00000007fd800000, 0x00000007fd800000|100%| O|  |TAMS 0x00000007fd800000, 0x00000007fd600000| Untracked 
|1618|0x00000007fd800000, 0x00000007fda00000, 0x00000007fda00000|100%| O|  |TAMS 0x00000007fda00000, 0x00000007fd800000| Untracked 
|1619|0x00000007fda00000, 0x00000007fdc00000, 0x00000007fdc00000|100%| O|  |TAMS 0x00000007fdc00000, 0x00000007fda00000| Untracked 
|1620|0x00000007fdc00000, 0x00000007fde00000, 0x00000007fde00000|100%| O|  |TAMS 0x00000007fde00000, 0x00000007fdc00000| Untracked 
|1621|0x00000007fde00000, 0x00000007fe000000, 0x00000007fe000000|100%| O|  |TAMS 0x00000007fe000000, 0x00000007fde00000| Untracked 
|1622|0x00000007fe000000, 0x00000007fe200000, 0x00000007fe200000|100%| O|  |TAMS 0x00000007fe200000, 0x00000007fe000000| Untracked 
|1623|0x00000007fe200000, 0x00000007fe400000, 0x00000007fe400000|100%| O|  |TAMS 0x00000007fe400000, 0x00000007fe200000| Untracked 
|1624|0x00000007fe400000, 0x00000007fe600000, 0x00000007fe600000|100%| O|  |TAMS 0x00000007fe600000, 0x00000007fe400000| Untracked 
|1625|0x00000007fe600000, 0x00000007fe800000, 0x00000007fe800000|100%| O|  |TAMS 0x00000007fe800000, 0x00000007fe600000| Untracked 
|1626|0x00000007fe800000, 0x00000007fea00000, 0x00000007fea00000|100%| O|  |TAMS 0x00000007fea00000, 0x00000007fe800000| Untracked 
|1627|0x00000007fea00000, 0x00000007fec00000, 0x00000007fec00000|100%| O|  |TAMS 0x00000007fec00000, 0x00000007fea00000| Untracked 
|1628|0x00000007fec00000, 0x00000007fee00000, 0x00000007fee00000|100%| O|  |TAMS 0x00000007fee00000, 0x00000007fec00000| Untracked 
|1629|0x00000007fee00000, 0x00000007ff000000, 0x00000007ff000000|100%| O|  |TAMS 0x00000007ff000000, 0x00000007fee00000| Untracked 
|1630|0x00000007ff000000, 0x00000007ff200000, 0x00000007ff200000|100%| O|  |TAMS 0x00000007ff200000, 0x00000007ff000000| Untracked 
|1631|0x00000007ff200000, 0x00000007ff400000, 0x00000007ff400000|100%| O|  |TAMS 0x00000007ff400000, 0x00000007ff200000| Untracked 
|1632|0x00000007ff400000, 0x00000007ff600000, 0x00000007ff600000|100%| O|  |TAMS 0x00000007ff600000, 0x00000007ff400000| Untracked 
|1633|0x00000007ff600000, 0x00000007ff800000, 0x00000007ff800000|100%| O|  |TAMS 0x00000007ff800000, 0x00000007ff600000| Untracked 
|1634|0x00000007ff800000, 0x00000007ffa00000, 0x00000007ffa00000|100%| O|  |TAMS 0x00000007ffa00000, 0x00000007ff800000| Untracked 
|1635|0x00000007ffa00000, 0x00000007ffc00000, 0x00000007ffc00000|100%| O|  |TAMS 0x00000007ffc00000, 0x00000007ffa00000| Untracked 
|1636|0x00000007ffc00000, 0x00000007ffe00000, 0x00000007ffe00000|100%| O|  |TAMS 0x00000007ffe00000, 0x00000007ffc00000| Untracked 
|1637|0x00000007ffe00000, 0x0000000800000000, 0x0000000800000000|100%| O|  |TAMS 0x0000000800000000, 0x00000007ffe00000| Untracked 

Card table byte_map: [0x000001d19f2f0000,0x000001d19f960000] _byte_map_base: 0x000001d19b956000

Marking Bits (Prev, Next): (CMBitMap*) 0x000001d18c533690, (CMBitMap*) 0x000001d18c5336d0
 Prev Bits: [0x000001d19ffd0000, 0x000001d1a3300000)
 Next Bits: [0x000001d1a3300000, 0x000001d1a6630000)

Polling page: 0x000001d18a200000

Metaspace:

Usage:
  Non-class:    168.40 MB used.
      Class:     29.60 MB used.
       Both:    198.00 MB used.

Virtual space:
  Non-class space:      192.00 MB reserved,     169.56 MB ( 88%) committed,  3 nodes.
      Class space:        1.00 GB reserved,      30.56 MB (  3%) committed,  1 nodes.
             Both:        1.19 GB reserved,     200.13 MB ( 16%) committed. 

Chunk freelists:
   Non-Class:  5.69 MB
       Class:  1.45 MB
        Both:  7.14 MB

MaxMetaspaceSize: unlimited
CompressedClassSpaceSize: 1.00 GB
Initial GC threshold: 21.00 MB
Current GC threshold: 329.69 MB
CDS: off
MetaspaceReclaimPolicy: balanced
 - commit_granule_bytes: 65536.
 - commit_granule_words: 8192.
 - virtual_space_node_default_size: 8388608.
 - enlarge_chunks_in_place: 1.
 - new_chunks_are_fully_committed: 0.
 - uncommit_free_chunks: 1.
 - use_allocation_guard: 0.
 - handle_deallocations: 1.


Internal statistics:

num_allocs_failed_limit: 52.
num_arena_births: 3588.
num_arena_deaths: 34.
num_vsnodes_births: 4.
num_vsnodes_deaths: 0.
num_space_committed: 3193.
num_space_uncommitted: 0.
num_chunks_returned_to_freelist: 95.
num_chunks_taken_from_freelist: 11932.
num_chunk_merges: 62.
num_chunk_splits: 7838.
num_chunks_enlarged: 5338.
num_inconsistent_stats: 0.

CodeHeap 'non-profiled nmethods': size=120000Kb used=28360Kb max_used=28360Kb free=91639Kb
 bounds [0x000001d197750000, 0x000001d199310000, 0x000001d19ec80000]
CodeHeap 'profiled nmethods': size=120000Kb used=48515Kb max_used=48515Kb free=71485Kb
 bounds [0x000001d18fc80000, 0x000001d192bf0000, 0x000001d1971b0000]
CodeHeap 'non-nmethods': size=5760Kb used=2708Kb max_used=2790Kb free=3051Kb
 bounds [0x000001d1971b0000, 0x000001d197480000, 0x000001d197750000]
 total_blobs=28771 nmethods=26329 adapters=2350
 compilation: enabled
              stopped_count=0, restarted_count=0
 full_count=0

Compilation events (20 events):
Event: 299.296 Thread 0x000001d1a8d2e810 38196       1       net.minecraft.world.level.storage.PrimaryLevelData::m_5557_ (6 bytes)
Event: 299.296 Thread 0x000001d1a8d2e810 nmethod 38196 0x000001d199301390 code [0x000001d199301520, 0x000001d1993015f8]
Event: 299.296 Thread 0x000001d1a8d2e810 38197       1       net.minecraft.world.level.storage.PrimaryLevelData::m_5565_ (6 bytes)
Event: 299.296 Thread 0x000001d1a8d2e810 nmethod 38197 0x000001d199301690 code [0x000001d199301820, 0x000001d1993018f8]
Event: 299.296 Thread 0x000001d1a8d2e810 38198       1       net.minecraft.world.level.storage.PrimaryLevelData::m_6253_ (6 bytes)
Event: 299.296 Thread 0x000001d1a8d2e810 nmethod 38198 0x000001d199301990 code [0x000001d199301b20, 0x000001d199301bf8]
Event: 299.296 Thread 0x000001d1a8d2e810 38199       1       net.minecraft.world.level.storage.PrimaryLevelData::m_7540_ (5 bytes)
Event: 299.296 Thread 0x000001d1a8d2e810 nmethod 38199 0x000001d199301c90 code [0x000001d199301e20, 0x000001d199301ef8]
Event: 299.296 Thread 0x000001d1a8d2e810 38200       1       net.minecraft.world.level.storage.PrimaryLevelData::m_6247_ (6 bytes)
Event: 299.296 Thread 0x000001d1a8d2e810 nmethod 38200 0x000001d199301f90 code [0x000001d199302120, 0x000001d1993021f8]
Event: 299.310 Thread 0x000001d1a8d2e810 38206       3       net.minecraft.world.entity.animal.horse.AbstractHorse::m_6094_ (13 bytes)
Event: 299.311 Thread 0x000001d1a8d2e810 nmethod 38206 0x000001d192bcc910 code [0x000001d192bccac0, 0x000001d192bcce28]
Event: 299.314 Thread 0x000001d1a8d2e810 38207       3       net.minecraft.world.level.Level::m_214150_ (29 bytes)
Event: 299.316 Thread 0x000001d1a8d2e810 nmethod 38207 0x000001d192bccf10 code [0x000001d192bcd100, 0x000001d192bcd8d8]
Event: 299.316 Thread 0x000001d1a8d2e810 38208       3       net.minecraftforge.event.PlayLevelSoundEvent$AtPosition::<init> (18 bytes)
Event: 299.317 Thread 0x000001d1a8d2e810 nmethod 38208 0x000001d192bcdb90 code [0x000001d192bcdd40, 0x000001d192bcdee8]
Event: 299.317 Thread 0x000001d1a8d2e810 38209       3       net.minecraftforge.event.PlayLevelSoundEvent::<init> (44 bytes)
Event: 299.317 Thread 0x000001d1a8d2e810 nmethod 38209 0x000001d192bcdf90 code [0x000001d192bce140, 0x000001d192bce4f8]
Event: 299.317 Thread 0x000001d1a8d2e810 38210       3       net.minecraftforge.event.PlayLevelSoundEvent$AtPosition::getListenerList (4 bytes)
Event: 299.317 Thread 0x000001d1a8d2e810 nmethod 38210 0x000001d19290f890 code [0x000001d19290fa20, 0x000001d19290fb38]

GC Heap History (20 events):
Event: 145.164 GC heap before
{Heap before GC invocations=46 (full 0):
 garbage-first heap   total 1728512K, used 1659836K [0x0000000733400000, 0x0000000800000000)
  region size 2048K, 245 young (501760K), 31 survivors (63488K)
 Metaspace       used 179257K, committed 181184K, reserved 1245184K
  class space    used 27391K, committed 28224K, reserved 1048576K
}
Event: 145.638 GC heap after
{Heap after GC invocations=47 (full 0):
 garbage-first heap   total 1857536K, used 1351680K [0x0000000733400000, 0x0000000800000000)
  region size 2048K, 31 young (63488K), 31 survivors (63488K)
 Metaspace       used 179257K, committed 181184K, reserved 1245184K
  class space    used 27391K, committed 28224K, reserved 1048576K
}
Event: 151.519 GC heap before
{Heap before GC invocations=47 (full 0):
 garbage-first heap   total 1857536K, used 1789952K [0x0000000733400000, 0x0000000800000000)
  region size 2048K, 245 young (501760K), 31 survivors (63488K)
 Metaspace       used 189816K, committed 191936K, reserved 1245184K
  class space    used 28860K, committed 29824K, reserved 1048576K
}
Event: 151.808 GC heap after
{Heap after GC invocations=48 (full 0):
 garbage-first heap   total 1945600K, used 1379328K [0x0000000733400000, 0x0000000800000000)
  region size 2048K, 31 young (63488K), 31 survivors (63488K)
 Metaspace       used 189816K, committed 191936K, reserved 1245184K
  class space    used 28860K, committed 29824K, reserved 1048576K
}
Event: 155.778 GC heap before
{Heap before GC invocations=48 (full 0):
 garbage-first heap   total 1945600K, used 1836032K [0x0000000733400000, 0x0000000800000000)
  region size 2048K, 245 young (501760K), 31 survivors (63488K)
 Metaspace       used 192350K, committed 194496K, reserved 1245184K
  class space    used 29168K, committed 30144K, reserved 1048576K
}
Event: 155.936 GC heap after
{Heap after GC invocations=49 (full 0):
 garbage-first heap   total 1945600K, used 1426432K [0x0000000733400000, 0x0000000800000000)
  region size 2048K, 22 young (45056K), 22 survivors (45056K)
 Metaspace       used 192350K, committed 194496K, reserved 1245184K
  class space    used 29168K, committed 30144K, reserved 1048576K
}
Event: 162.007 GC heap before
{Heap before GC invocations=49 (full 0):
 garbage-first heap   total 1945600K, used 1883136K [0x0000000733400000, 0x0000000800000000)
  region size 2048K, 245 young (501760K), 22 survivors (45056K)
 Metaspace       used 195193K, committed 197312K, reserved 1245184K
  class space    used 29579K, committed 30528K, reserved 1048576K
}
Event: 162.126 GC heap after
{Heap after GC invocations=50 (full 0):
 garbage-first heap   total 1961984K, used 1455104K [0x0000000733400000, 0x0000000800000000)
  region size 2048K, 17 young (34816K), 17 survivors (34816K)
 Metaspace       used 195193K, committed 197312K, reserved 1245184K
  class space    used 29579K, committed 30528K, reserved 1048576K
}
Event: 171.589 GC heap before
{Heap before GC invocations=50 (full 0):
 garbage-first heap   total 1961984K, used 1922048K [0x0000000733400000, 0x0000000800000000)
  region size 2048K, 245 young (501760K), 17 survivors (34816K)
 Metaspace       used 200087K, committed 202240K, reserved 1245184K
  class space    used 30233K, committed 31232K, reserved 1048576K
}
Event: 171.714 GC heap after
{Heap after GC invocations=51 (full 0):
 garbage-first heap   total 1982464K, used 1480704K [0x0000000733400000, 0x0000000800000000)
  region size 2048K, 29 young (59392K), 29 survivors (59392K)
 Metaspace       used 200087K, committed 202240K, reserved 1245184K
  class space    used 30233K, committed 31232K, reserved 1048576K
}
Event: 174.817 GC heap before
{Heap before GC invocations=51 (full 0):
 garbage-first heap   total 1982464K, used 1923072K [0x0000000733400000, 0x0000000800000000)
  region size 2048K, 245 young (501760K), 29 survivors (59392K)
 Metaspace       used 200143K, committed 202304K, reserved 1245184K
  class space    used 30238K, committed 31232K, reserved 1048576K
}
Event: 174.938 GC heap after
{Heap after GC invocations=52 (full 0):
 garbage-first heap   total 1984512K, used 1481249K [0x0000000733400000, 0x0000000800000000)
  region size 2048K, 14 young (28672K), 14 survivors (28672K)
 Metaspace       used 200143K, committed 202304K, reserved 1245184K
  class space    used 30238K, committed 31232K, reserved 1048576K
}
Event: 180.986 GC heap before
{Heap before GC invocations=53 (full 0):
 garbage-first heap   total 2560000K, used 1954337K [0x0000000733400000, 0x0000000800000000)
  region size 2048K, 245 young (501760K), 14 survivors (28672K)
 Metaspace       used 200650K, committed 202880K, reserved 1245184K
  class space    used 30253K, committed 31232K, reserved 1048576K
}
Event: 181.045 GC heap after
{Heap after GC invocations=54 (full 0):
 garbage-first heap   total 2560000K, used 1483297K [0x0000000733400000, 0x0000000800000000)
  region size 2048K, 15 young (30720K), 15 survivors (30720K)
 Metaspace       used 200650K, committed 202880K, reserved 1245184K
  class space    used 30253K, committed 31232K, reserved 1048576K
}
Event: 206.153 GC heap before
{Heap before GC invocations=54 (full 0):
 garbage-first heap   total 2560000K, used 1952289K [0x0000000733400000, 0x0000000800000000)
  region size 2048K, 245 young (501760K), 15 survivors (30720K)
 Metaspace       used 201398K, committed 203584K, reserved 1245184K
  class space    used 30253K, committed 31232K, reserved 1048576K
}
Event: 206.228 GC heap after
{Heap after GC invocations=55 (full 0):
 garbage-first heap   total 2560000K, used 1443678K [0x0000000733400000, 0x0000000800000000)
  region size 2048K, 16 young (32768K), 16 survivors (32768K)
 Metaspace       used 201398K, committed 203584K, reserved 1245184K
  class space    used 30253K, committed 31232K, reserved 1048576K
}
Event: 227.299 GC heap before
{Heap before GC invocations=55 (full 0):
 garbage-first heap   total 2560000K, used 1912670K [0x0000000733400000, 0x0000000800000000)
  region size 2048K, 245 young (501760K), 16 survivors (32768K)
 Metaspace       used 201746K, committed 203968K, reserved 1245184K
  class space    used 30253K, committed 31232K, reserved 1048576K
}
Event: 227.346 GC heap after
{Heap after GC invocations=56 (full 0):
 garbage-first heap   total 2560000K, used 1401774K [0x0000000733400000, 0x0000000800000000)
  region size 2048K, 15 young (30720K), 15 survivors (30720K)
 Metaspace       used 201746K, committed 203968K, reserved 1245184K
  class space    used 30253K, committed 31232K, reserved 1048576K
}
Event: 262.167 GC heap before
{Heap before GC invocations=56 (full 0):
 garbage-first heap   total 2560000K, used 1872814K [0x0000000733400000, 0x0000000800000000)
  region size 2048K, 245 young (501760K), 15 survivors (30720K)
 Metaspace       used 201758K, committed 203968K, reserved 1245184K
  class space    used 30253K, committed 31232K, reserved 1048576K
}
Event: 262.243 GC heap after
{Heap after GC invocations=57 (full 0):
 garbage-first heap   total 2560000K, used 1360916K [0x0000000733400000, 0x0000000800000000)
  region size 2048K, 15 young (30720K), 15 survivors (30720K)
 Metaspace       used 201758K, committed 203968K, reserved 1245184K
  class space    used 30253K, committed 31232K, reserved 1048576K
}

Dll operation events (17 events):
Event: 0.009 Loaded shared library C:\Users\Morty Tang\AppData\Roaming\.minecraft\runtime\java-runtime-gamma-snapshot\bin\java.dll
Event: 0.057 Loaded shared library C:\Users\Morty Tang\AppData\Roaming\.minecraft\runtime\java-runtime-gamma-snapshot\bin\jsvml.dll
Event: 0.591 Loaded shared library C:\Users\Morty Tang\AppData\Roaming\.minecraft\runtime\java-runtime-gamma-snapshot\bin\net.dll
Event: 0.718 Loaded shared library C:\Users\Morty Tang\AppData\Roaming\.minecraft\runtime\java-runtime-gamma-snapshot\bin\nio.dll
Event: 0.733 Loaded shared library C:\Users\Morty Tang\AppData\Roaming\.minecraft\runtime\java-runtime-gamma-snapshot\bin\zip.dll
Event: 0.933 Loaded shared library C:\Users\Morty Tang\AppData\Roaming\PCL\libjlw-x86_64-1.4.3.dll
Event: 1.082 Loaded shared library C:\Users\Morty Tang\AppData\Roaming\.minecraft\runtime\java-runtime-gamma-snapshot\bin\jimage.dll
Event: 2.093 Loaded shared library C:\Users\Morty Tang\AppData\Roaming\.minecraft\runtime\java-runtime-gamma-snapshot\bin\verify.dll
Event: 8.641 Loaded shared library C:\Users\Morty Tang\AppData\Roaming\.minecraft\runtime\java-runtime-gamma-snapshot\bin\management.dll
Event: 8.784 Loaded shared library C:\Users\Morty Tang\AppData\Roaming\.minecraft\runtime\java-runtime-gamma-snapshot\bin\management_ext.dll
Event: 13.771 Loaded shared library C:\Users\Morty Tang\Desktop\Physics\杂物\PCL\.minecraft\versions\Everything Tinkering\Everything Tinkering-natives\lwjgl.dll
Event: 14.855 Loaded shared library C:\Users\Morty Tang\Desktop\Physics\杂物\PCL\.minecraft\versions\Everything Tinkering\Everything Tinkering-natives\lwjgl_opengl.dll
Event: 15.177 Loaded shared library C:\Users\Morty Tang\Desktop\Physics\杂物\PCL\.minecraft\versions\Everything Tinkering\Everything Tinkering-natives\lwjgl_stb.dll
Event: 29.765 Loaded shared library C:\Users\Morty Tang\AppData\Roaming\.minecraft\runtime\java-runtime-gamma-snapshot\bin\sunmscapi.dll
Event: 30.277 Loaded shared library C:\Users\Morty Tang\AppData\Roaming\.minecraft\runtime\java-runtime-gamma-snapshot\bin\extnet.dll
Event: 30.866 Loaded shared library C:\Users\Morty Tang\Desktop\Physics\杂物\PCL\.minecraft\versions\Everything Tinkering\Everything Tinkering-natives\jna8374236993002919949.dll
Event: 149.235 Loaded shared library C:\Users\Morty Tang\AppData\Roaming\.minecraft\runtime\java-runtime-gamma-snapshot\bin\awt.dll

Deoptimization events (20 events):
Event: 298.776 Thread 0x000001d243eab580 Uncommon trap: trap_request=0xffffff66 fr.pc=0x000001d199222448 relative=0x00000000000019a8
Event: 298.776 Thread 0x000001d243eab580 Uncommon trap: reason=speculate_class_check action=maybe_recompile pc=0x000001d199222448 method=net.minecraft.world.phys.shapes.VoxelShape.m_83256_(Lnet/minecraft/core/Direction$Axis;I)D @ 2 c2
Event: 298.776 Thread 0x000001d243eab580 DEOPT PACKING pc=0x000001d199222448 sp=0x000000bf653fe840
Event: 298.776 Thread 0x000001d243eab580 DEOPT UNPACKING pc=0x000001d1972069a3 sp=0x000000bf653fe700 mode 2
Event: 298.817 Thread 0x000001d243eab580 Uncommon trap: trap_request=0xffffff45 fr.pc=0x000001d1992a5904 relative=0x00000000000042a4
Event: 298.817 Thread 0x000001d243eab580 Uncommon trap: reason=unstable_if action=reinterpret pc=0x000001d1992a5904 method=net.minecraft.server.level.ServerEntity.m_8533_()V @ 602 c2
Event: 298.817 Thread 0x000001d243eab580 DEOPT PACKING pc=0x000001d1992a5904 sp=0x000000bf653fe950
Event: 298.817 Thread 0x000001d243eab580 DEOPT UNPACKING pc=0x000001d1972069a3 sp=0x000000bf653fe908 mode 2
Event: 298.889 Thread 0x000001d243eab580 Uncommon trap: trap_request=0xffffff66 fr.pc=0x000001d199222448 relative=0x00000000000019a8
Event: 298.889 Thread 0x000001d243eab580 Uncommon trap: reason=speculate_class_check action=maybe_recompile pc=0x000001d199222448 method=net.minecraft.world.phys.shapes.VoxelShape.m_83256_(Lnet/minecraft/core/Direction$Axis;I)D @ 2 c2
Event: 298.889 Thread 0x000001d243eab580 DEOPT PACKING pc=0x000001d199222448 sp=0x000000bf653fe840
Event: 298.889 Thread 0x000001d243eab580 DEOPT UNPACKING pc=0x000001d1972069a3 sp=0x000000bf653fe700 mode 2
Event: 299.019 Thread 0x000001d243eab580 Uncommon trap: trap_request=0xffffff45 fr.pc=0x000001d198838c40 relative=0x0000000000000560
Event: 299.019 Thread 0x000001d243eab580 Uncommon trap: reason=unstable_if action=reinterpret pc=0x000001d198838c40 method=com.google.common.collect.Lists.equalsImpl(Ljava/util/List;Ljava/lang/Object;)Z @ 5 c2
Event: 299.019 Thread 0x000001d243eab580 DEOPT PACKING pc=0x000001d198838c40 sp=0x000000bf653fe8c0
Event: 299.019 Thread 0x000001d243eab580 DEOPT UNPACKING pc=0x000001d1972069a3 sp=0x000000bf653fe808 mode 2
Event: 299.281 Thread 0x000001d243eab580 Uncommon trap: trap_request=0x00000187 fr.pc=0x000001d19865245c relative=0x000000000000025c
Event: 299.281 Thread 0x000001d243eab580 Uncommon trap: reason=unloaded action=reinterpret pc=0x000001d19865245c method=net.minecraft.server.level.ChunkHolder.m_140054_(Lnet/minecraft/world/level/chunk/LevelChunk;)V @ 287 c2
Event: 299.281 Thread 0x000001d243eab580 DEOPT PACKING pc=0x000001d19865245c sp=0x000000bf653fea30
Event: 299.281 Thread 0x000001d243eab580 DEOPT UNPACKING pc=0x000001d1972069a3 sp=0x000000bf653fe9f8 mode 2

Classes loaded (20 events):
Event: 162.182 Loading class java/util/stream/Nodes$CollectorTask$OfRef
Event: 162.182 Loading class java/util/stream/Nodes$CollectorTask
Event: 162.182 Loading class java/util/stream/Nodes$CollectorTask done
Event: 162.182 Loading class java/util/stream/Nodes$CollectorTask$OfRef done
Event: 162.183 Loading class java/util/stream/Nodes$ConcNode
Event: 162.183 Loading class java/util/stream/Nodes$AbstractConcNode
Event: 162.183 Loading class java/util/stream/Nodes$AbstractConcNode done
Event: 162.183 Loading class java/util/stream/Nodes$ConcNode done
Event: 162.186 Loading class java/util/stream/Nodes$ToArrayTask$OfRef
Event: 162.186 Loading class java/util/stream/Nodes$ToArrayTask
Event: 162.186 Loading class java/util/stream/Nodes$ToArrayTask done
Event: 162.186 Loading class java/util/stream/Nodes$ToArrayTask$OfRef done
Event: 162.215 Loading class java/util/stream/Nodes$SizedCollectorTask$OfRef
Event: 162.215 Loading class java/util/stream/Nodes$SizedCollectorTask
Event: 162.215 Loading class java/util/stream/Nodes$SizedCollectorTask done
Event: 162.216 Loading class java/util/stream/Nodes$SizedCollectorTask$OfRef done
Event: 163.759 Loading class java/util/concurrent/ForkJoinTask$AdaptedRunnableAction
Event: 163.759 Loading class java/util/concurrent/ForkJoinTask$AdaptedRunnableAction done
Event: 163.853 Loading class java/util/concurrent/ConcurrentLinkedQueue$Itr
Event: 163.853 Loading class java/util/concurrent/ConcurrentLinkedQueue$Itr done

Classes unloaded (17 events):
Event: 40.007 Thread 0x000001d1a8c40640 Unloading class 0x0000000800490400 'java/lang/invoke/LambdaForm$MH+0x0000000800490400'
Event: 40.007 Thread 0x000001d1a8c40640 Unloading class 0x0000000800490000 'java/lang/invoke/LambdaForm$DMH+0x0000000800490000'
Event: 40.007 Thread 0x000001d1a8c40640 Unloading class 0x000000080048dc00 'java/lang/invoke/LambdaForm$DMH+0x000000080048dc00'
Event: 40.007 Thread 0x000001d1a8c40640 Unloading class 0x000000080048d000 'java/lang/invoke/LambdaForm$DMH+0x000000080048d000'
Event: 40.007 Thread 0x000001d1a8c40640 Unloading class 0x000000080048d400 'java/lang/invoke/LambdaForm$DMH+0x000000080048d400'
Event: 40.007 Thread 0x000001d1a8c40640 Unloading class 0x000000080048c000 'java/lang/invoke/LambdaForm$MH+0x000000080048c000'
Event: 40.007 Thread 0x000001d1a8c40640 Unloading class 0x000000080048bc00 'java/lang/invoke/LambdaForm$MH+0x000000080048bc00'
Event: 40.007 Thread 0x000001d1a8c40640 Unloading class 0x000000080048b400 'java/lang/invoke/LambdaForm$MH+0x000000080048b400'
Event: 40.007 Thread 0x000001d1a8c40640 Unloading class 0x000000080048b000 'java/lang/invoke/LambdaForm$MH+0x000000080048b000'
Event: 40.007 Thread 0x000001d1a8c40640 Unloading class 0x000000080048a800 'java/lang/invoke/LambdaForm$MH+0x000000080048a800'
Event: 40.007 Thread 0x000001d1a8c40640 Unloading class 0x000000080048a400 'java/lang/invoke/LambdaForm$MH+0x000000080048a400'
Event: 40.007 Thread 0x000001d1a8c40640 Unloading class 0x0000000800489800 'java/lang/invoke/LambdaForm$MH+0x0000000800489800'
Event: 40.007 Thread 0x000001d1a8c40640 Unloading class 0x0000000800489c00 'java/lang/invoke/LambdaForm$MH+0x0000000800489c00'
Event: 40.007 Thread 0x000001d1a8c40640 Unloading class 0x0000000800489000 'java/lang/invoke/LambdaForm$MH+0x0000000800489000'
Event: 40.007 Thread 0x000001d1a8c40640 Unloading class 0x0000000800488c00 'java/lang/invoke/LambdaForm$MH+0x0000000800488c00'
Event: 40.007 Thread 0x000001d1a8c40640 Unloading class 0x0000000800488000 'java/lang/invoke/LambdaForm$MH+0x0000000800488000'
Event: 40.007 Thread 0x000001d1a8c40640 Unloading class 0x000000080047ec00 'java/lang/invoke/LambdaForm$MH+0x000000080047ec00'

Classes redefined (0 events):
No events

Internal exceptions (20 events):
Event: 175.369 Thread 0x000001d23b6f4a90 Exception <a 'sun/nio/fs/WindowsException'{0x00000007962b1d98}> (0x00000007962b1d98) 
thrown [s\src\hotspot\share\prims\jni.cpp, line 516]
Event: 175.370 Thread 0x000001d23b6f9b90 Exception <a 'sun/nio/fs/WindowsException'{0x0000000795fd8ba8}> (0x0000000795fd8ba8) 
thrown [s\src\hotspot\share\prims\jni.cpp, line 516]
Event: 175.371 Thread 0x000001d23b6f4a90 Exception <a 'sun/nio/fs/WindowsException'{0x0000000795fe49d8}> (0x0000000795fe49d8) 
thrown [s\src\hotspot\share\prims\jni.cpp, line 516]
Event: 175.448 Thread 0x000001d243eab580 Exception <a 'sun/nio/fs/WindowsException'{0x0000000795a4aed8}> (0x0000000795a4aed8) 
thrown [s\src\hotspot\share\prims\jni.cpp, line 516]
Event: 175.452 Thread 0x000001d243eab580 Exception <a 'sun/nio/fs/WindowsException'{0x0000000795a4b458}> (0x0000000795a4b458) 
thrown [s\src\hotspot\share\prims\jni.cpp, line 516]
Event: 175.452 Thread 0x000001d243eab580 Exception <a 'sun/nio/fs/WindowsException'{0x0000000795a4b590}> (0x0000000795a4b590) 
thrown [s\src\hotspot\share\prims\jni.cpp, line 516]
Event: 175.454 Thread 0x000001d243eab580 Exception <a 'sun/nio/fs/WindowsException'{0x0000000795a4bd40}> (0x0000000795a4bd40) 
thrown [s\src\hotspot\share\prims\jni.cpp, line 516]
Event: 181.406 Thread 0x000001d18c4d52f0 Implicit null exception at 0x000001d198ec8868 to 0x000001d198ecaee8
Event: 181.456 Thread 0x000001d18c4d52f0 Implicit null exception at 0x000001d198266530 to 0x000001d1982666fc
Event: 181.668 Thread 0x000001d18c4d52f0 Implicit null exception at 0x000001d198eb9c74 to 0x000001d198eb9e40
Event: 181.850 Thread 0x000001d23b6f9680 Implicit null exception at 0x000001d198c972b2 to 0x000001d198c97a6c
Event: 235.415 Thread 0x000001d23b6f9b90 Implicit null exception at 0x000001d1988e63eb to 0x000001d1988e6f64
Event: 235.416 Thread 0x000001d23b6f4a90 Implicit null exception at 0x000001d1988e63eb to 0x000001d1988e6f64
Event: 284.535 Thread 0x000001d18c4d52f0 Implicit null exception at 0x000001d1991027b1 to 0x000001d1991030d8
Event: 285.743 Thread 0x000001d18c4d52f0 Exception <a 'java/lang/NoSuchMethodError'{0x00000007ae0d1968}: 'java.lang.Object java.lang.invoke.DirectMethodHandle$Holder.invokeStatic(java.lang.Object, double, double, java.lang.Object)'> (0x00000007ae0d1968) 
thrown [s\src\hotspot\share\interpreter\linkResolver.cpp, line 759]
Event: 285.746 Thread 0x000001d18c4d52f0 Exception <a 'java/lang/NoSuchMethodError'{0x00000007ae0d8500}: 'java.lang.Object java.lang.invoke.DirectMethodHandle$Holder.invokeSpecial(java.lang.Object, java.lang.Object, double, double)'> (0x00000007ae0d8500) 
thrown [s\src\hotspot\share\interpreter\linkResolver.cpp, line 759]
Event: 285.747 Thread 0x000001d18c4d52f0 Exception <a 'java/lang/NoSuchMethodError'{0x00000007ae0dbd40}: 'java.lang.Object java.lang.invoke.Invokers$Holder.linkToTargetMethod(double, double, java.lang.Object)'> (0x00000007ae0dbd40) 
thrown [s\src\hotspot\share\interpreter\linkResolver.cpp, line 759]
Event: 288.945 Thread 0x000001d243eab580 Exception <a 'java/lang/NoSuchMethodError'{0x00000007ab9f46f8}: 'int java.lang.invoke.DirectMethodHandle$Holder.invokeSpecial(java.lang.Object, java.lang.Object, long, long)'> (0x00000007ab9f46f8) 
thrown [s\src\hotspot\share\interpreter\linkResolver.cpp, line 759]
Event: 288.945 Thread 0x000001d243eab580 Exception <a 'java/lang/NoSuchMethodError'{0x00000007ab7008b0}: 'int java.lang.invoke.DelegatingMethodHandle$Holder.reinvoke_L(java.lang.Object, long, long)'> (0x00000007ab7008b0) 
thrown [s\src\hotspot\share\interpreter\linkResolver.cpp, line 759]
Event: 289.079 Thread 0x000001d2868b3c50 Exception <a 'java/lang/NoSuchMethodError'{0x00000007ac8cd4c8}: 'int java.lang.invoke.DirectMethodHandle$Holder.invokeInterface(java.lang.Object, java.lang.Object, long)'> (0x00000007ac8cd4c8) 
thrown [s\src\hotspot\share\interpreter\linkResolver.cpp, line 759]

VM Operations (20 events):
Event: 290.242 Executing VM operation: HandshakeAllThreads
Event: 290.242 Executing VM operation: HandshakeAllThreads done
Event: 290.274 Executing VM operation: HandshakeAllThreads
Event: 290.274 Executing VM operation: HandshakeAllThreads done
Event: 291.056 Executing VM operation: ICBufferFull
Event: 291.064 Executing VM operation: ICBufferFull done
Event: 292.064 Executing VM operation: Cleanup
Event: 292.076 Executing VM operation: Cleanup done
Event: 293.076 Executing VM operation: Cleanup
Event: 293.076 Executing VM operation: Cleanup done
Event: 295.077 Executing VM operation: Cleanup
Event: 295.077 Executing VM operation: Cleanup done
Event: 295.267 Executing VM operation: HandshakeAllThreads
Event: 295.268 Executing VM operation: HandshakeAllThreads done
Event: 296.268 Executing VM operation: Cleanup
Event: 296.269 Executing VM operation: Cleanup done
Event: 298.271 Executing VM operation: Cleanup
Event: 298.291 Executing VM operation: Cleanup done
Event: 299.292 Executing VM operation: Cleanup
Event: 299.292 Executing VM operation: Cleanup done

Memory protections (0 events):
No events

Nmethod flushes (20 events):
Event: 290.343 Thread 0x000001d1a8d30d40 flushing  nmethod 0x000001d192420d10
Event: 290.344 Thread 0x000001d1a8d30d40 flushing  nmethod 0x000001d1924a0310
Event: 290.344 Thread 0x000001d1a8d30d40 flushing  nmethod 0x000001d1924a1910
Event: 290.344 Thread 0x000001d1a8d30d40 flushing  nmethod 0x000001d1924b2990
Event: 290.344 Thread 0x000001d1a8d30d40 flushing  nmethod 0x000001d1924d1490
Event: 290.344 Thread 0x000001d1a8d30d40 flushing  nmethod 0x000001d192519c90
Event: 290.346 Thread 0x000001d1a8d30d40 flushing  nmethod 0x000001d1926b6490
Event: 290.347 Thread 0x000001d1a8d30d40 flushing  nmethod 0x000001d1927d3390
Event: 290.347 Thread 0x000001d1a8d30d40 flushing  nmethod 0x000001d192806a90
Event: 290.347 Thread 0x000001d1a8d30d40 flushing  nmethod 0x000001d1928cc210
Event: 290.349 Thread 0x000001d1a8d30d40 flushing  nmethod 0x000001d192a20410
Event: 290.349 Thread 0x000001d1a8d30d40 flushing  nmethod 0x000001d192a21910
Event: 290.349 Thread 0x000001d1a8d30d40 flushing  nmethod 0x000001d192a26190
Event: 290.349 Thread 0x000001d1a8d30d40 flushing  nmethod 0x000001d192a48410
Event: 290.349 Thread 0x000001d1a8d30d40 flushing  nmethod 0x000001d192a71e90
Event: 290.349 Thread 0x000001d1a8d30d40 flushing  nmethod 0x000001d192b1ec10
Event: 295.300 Thread 0x000001d1a8d30d40 flushing  nmethod 0x000001d1902fb590
Event: 295.327 Thread 0x000001d1a8d30d40 flushing  nmethod 0x000001d191c1f710
Event: 295.334 Thread 0x000001d1a8d30d40 flushing  nmethod 0x000001d192267410
Event: 295.336 Thread 0x000001d1a8d30d40 flushing  nmethod 0x000001d192421090

Events (20 events):
Event: 185.028 Thread 0x000001d1a8d2e810 Thread added: 0x000001d294e37170
Event: 185.807 Thread 0x000001d294e37170 Thread exited: 0x000001d294e37170
Event: 186.055 Thread 0x000001d1a8d2e810 Thread added: 0x000001d294e35190
Event: 188.796 Thread 0x000001d294e35190 Thread exited: 0x000001d294e35190
Event: 192.339 Thread 0x000001d1a8cbd6e0 Thread added: 0x000001d294e36c20
Event: 193.084 Thread 0x000001d243eb0b90 Thread exited: 0x000001d243eb0b90
Event: 193.105 Thread 0x000001d294e36c20 Thread exited: 0x000001d294e36c20
Event: 202.693 Thread 0x000001d243eb29f0 Thread exited: 0x000001d243eb29f0
Event: 222.881 Thread 0x000001d1ae8b3240 Thread exited: 0x000001d1ae8b3240
Event: 232.889 Thread 0x000001d1b05ea400 Thread exited: 0x000001d1b05ea400
Event: 235.415 Thread 0x000001d23b6f9b90 Thread exited: 0x000001d23b6f9b90
Event: 235.416 Thread 0x000001d23b6f4a90 Thread exited: 0x000001d23b6f4a90
Event: 242.555 Thread 0x000001d23b6f9170 Thread exited: 0x000001d23b6f9170
Event: 253.084 Thread 0x000001d243eb15b0 Thread exited: 0x000001d243eb15b0
Event: 282.882 Thread 0x000001d243eaf750 Thread exited: 0x000001d243eaf750
Event: 283.925 Thread 0x000001d23b6f9680 Thread added: 0x000001d2868b3c50
Event: 284.905 Thread 0x000001d1a8d2e810 Thread added: 0x000001d294e356e0
Event: 286.104 Thread 0x000001d294e356e0 Thread exited: 0x000001d294e356e0
Event: 286.232 Thread 0x000001d1a8d2e810 Thread added: 0x000001d294e36c20
Event: 293.001 Thread 0x000001d1b05e85a0 Thread exited: 0x000001d1b05e85a0


Dynamic libraries:
0x00007ff6f70f0000 - 0x00007ff6f70fe000 	C:\Users\Morty Tang\AppData\Roaming\.minecraft\runtime\java-runtime-gamma-snapshot\bin\javaw.exe
0x00007ffbeb370000 - 0x00007ffbeb55e000 	C:\Windows\SYSTEM32\ntdll.dll
0x00007ffbea220000 - 0x00007ffbea2d3000 	C:\Windows\System32\KERNEL32.DLL
0x00007ffbe73c0000 - 0x00007ffbe765e000 	C:\Windows\System32\KERNELBASE.dll
0x00007ffbe7660000 - 0x00007ffbe775a000 	C:\Windows\System32\ucrtbase.dll
0x00007ffbdd6d0000 - 0x00007ffbdd6e7000 	C:\Users\Morty Tang\AppData\Roaming\.minecraft\runtime\java-runtime-gamma-snapshot\bin\jli.dll
0x00007ffbea020000 - 0x00007ffbea1b7000 	C:\Windows\System32\USER32.dll
0x00007ffbe77d0000 - 0x00007ffbe77f0000 	C:\Windows\System32\win32u.dll
0x00007ffbeaaf0000 - 0x00007ffbeab19000 	C:\Windows\System32\GDI32.dll
0x00007ffbe77f0000 - 0x00007ffbe799c000 	C:\Windows\System32\gdi32full.dll
0x00007ffbe7c50000 - 0x00007ffbe7cf0000 	C:\Windows\System32\msvcp_win.dll
0x00007ffbdad10000 - 0x00007ffbdad2d000 	C:\Users\Morty Tang\AppData\Roaming\.minecraft\runtime\java-runtime-gamma-snapshot\bin\VCRUNTIME140.dll
0x00007ffbd9990000 - 0x00007ffbd9c09000 	C:\Windows\WinSxS\amd64_microsoft.windows.common-controls_6595b64144ccf1df_6.0.17763.7558_none_de72385c534a79ad\COMCTL32.dll
0x00007ffbeab30000 - 0x00007ffbeabce000 	C:\Windows\System32\msvcrt.dll
0x00007ffbe9c00000 - 0x00007ffbe9f2a000 	C:\Windows\System32\combase.dll
0x00007ffbeaf80000 - 0x00007ffbeb098000 	C:\Windows\System32\RPCRT4.dll
0x00007ffbe79a0000 - 0x00007ffbe7a22000 	C:\Windows\System32\bcryptPrimitives.dll
0x00007ffbe9fe0000 - 0x00007ffbea00e000 	C:\Windows\System32\IMM32.DLL
0x00007ffbe21a0000 - 0x00007ffbe21ac000 	C:\Users\Morty Tang\AppData\Roaming\.minecraft\runtime\java-runtime-gamma-snapshot\bin\vcruntime140_1.dll
0x00007ffb5cd50000 - 0x00007ffb5cddd000 	C:\Users\Morty Tang\AppData\Roaming\.minecraft\runtime\java-runtime-gamma-snapshot\bin\msvcp140.dll
0x00007ffb48250000 - 0x00007ffb48ec2000 	C:\Users\Morty Tang\AppData\Roaming\.minecraft\runtime\java-runtime-gamma-snapshot\bin\server\jvm.dll
0x00007ffbe9f30000 - 0x00007ffbe9fd9000 	C:\Windows\System32\ADVAPI32.dll
0x00007ffbea890000 - 0x00007ffbea932000 	C:\Windows\System32\sechost.dll
0x00007ffbe8560000 - 0x00007ffbe8586000 	C:\Windows\System32\bcrypt.dll
0x00007ffbe7360000 - 0x00007ffbe73bd000 	C:\Windows\System32\POWRPROF.dll
0x00007ffbead00000 - 0x00007ffbead6d000 	C:\Windows\System32\WS2_32.dll
0x00007ffbdd160000 - 0x00007ffbdd184000 	C:\Windows\SYSTEM32\WINMM.dll
0x00007ffbd9dd0000 - 0x00007ffbd9dda000 	C:\Windows\SYSTEM32\VERSION.dll
0x00007ffbdd130000 - 0x00007ffbdd15d000 	C:\Windows\SYSTEM32\WINMMBASE.dll
0x00007ffbe8510000 - 0x00007ffbe855a000 	C:\Windows\System32\cfgmgr32.dll
0x00007ffbe7310000 - 0x00007ffbe7321000 	C:\Windows\System32\kernel.appcore.dll
0x00007ffbdad70000 - 0x00007ffbdad7a000 	C:\Users\Morty Tang\AppData\Roaming\.minecraft\runtime\java-runtime-gamma-snapshot\bin\jimage.dll
0x00007ffbdf960000 - 0x00007ffbdfb4d000 	C:\Windows\SYSTEM32\DBGHELP.DLL
0x00007ffbdf510000 - 0x00007ffbdf53a000 	C:\Windows\SYSTEM32\dbgcore.DLL
0x00007ffbbb160000 - 0x00007ffbbb185000 	C:\Users\Morty Tang\AppData\Roaming\.minecraft\runtime\java-runtime-gamma-snapshot\bin\java.dll
0x00007ffbdaa10000 - 0x00007ffbdaa28000 	C:\Users\Morty Tang\AppData\Roaming\.minecraft\runtime\java-runtime-gamma-snapshot\bin\zip.dll
0x00007ffb5bb70000 - 0x00007ffb5bc46000 	C:\Users\Morty Tang\AppData\Roaming\.minecraft\runtime\java-runtime-gamma-snapshot\bin\jsvml.dll
0x00007ffbe8700000 - 0x00007ffbe9bf8000 	C:\Windows\System32\SHELL32.dll
0x00007ffbea760000 - 0x00007ffbea807000 	C:\Windows\System32\shcore.dll
0x00007ffbe7dc0000 - 0x00007ffbe8508000 	C:\Windows\System32\windows.storage.dll
0x00007ffbe7330000 - 0x00007ffbe7353000 	C:\Windows\System32\profapi.dll
0x00007ffbeae20000 - 0x00007ffbeae76000 	C:\Windows\System32\shlwapi.dll
0x00007ffbe7da0000 - 0x00007ffbe7dbb000 	C:\Windows\System32\cryptsp.dll
0x00007ffbda7b0000 - 0x00007ffbda7ca000 	C:\Users\Morty Tang\AppData\Roaming\.minecraft\runtime\java-runtime-gamma-snapshot\bin\net.dll
0x00007ffbde290000 - 0x00007ffbde38d000 	C:\Windows\SYSTEM32\WINHTTP.dll
0x00007ffbe6b30000 - 0x00007ffbe6b97000 	C:\Windows\system32\mswsock.dll
0x00007ffbd6ed0000 - 0x00007ffbd6ee6000 	C:\Users\Morty Tang\AppData\Roaming\.minecraft\runtime\java-runtime-gamma-snapshot\bin\nio.dll
0x00000000515a0000 - 0x00000000515a8000 	C:\Users\Morty Tang\AppData\Roaming\PCL\libjlw-x86_64-1.4.3.dll
0x00007ffbdab40000 - 0x00007ffbdab50000 	C:\Users\Morty Tang\AppData\Roaming\.minecraft\runtime\java-runtime-gamma-snapshot\bin\verify.dll
0x00007ffbda700000 - 0x00007ffbda70a000 	C:\Users\Morty Tang\AppData\Roaming\.minecraft\runtime\java-runtime-gamma-snapshot\bin\management.dll
0x00007ffbda200000 - 0x00007ffbda20b000 	C:\Users\Morty Tang\AppData\Roaming\.minecraft\runtime\java-runtime-gamma-snapshot\bin\management_ext.dll
0x00007ffbeb0a0000 - 0x00007ffbeb0a8000 	C:\Windows\System32\PSAPI.DLL
0x00007ffbe21c0000 - 0x00007ffbe21d6000 	C:\Windows\system32\napinsp.dll
0x00007ffbd6f80000 - 0x00007ffbd6f9a000 	C:\Windows\system32\pnrpnsp.dll
0x00007ffbe6800000 - 0x00007ffbe68c6000 	C:\Windows\SYSTEM32\DNSAPI.dll
0x00007ffbeab20000 - 0x00007ffbeab28000 	C:\Windows\System32\NSI.dll
0x00007ffbe67c0000 - 0x00007ffbe67fd000 	C:\Windows\SYSTEM32\IPHLPAPI.DLL
0x00007ffbe21b0000 - 0x00007ffbe21be000 	C:\Windows\System32\winrnr.dll
0x00007ffbe22b0000 - 0x00007ffbe22cb000 	C:\Windows\system32\NLAapi.dll
0x00007ffbe0ba0000 - 0x00007ffbe0bb5000 	C:\Windows\system32\wshbth.dll
0x00007ffbdc9e0000 - 0x00007ffbdc9ea000 	C:\Windows\System32\rasadhlp.dll
0x00007ffbdce70000 - 0x00007ffbdcee9000 	C:\Windows\System32\fwpuclnt.dll
0x00007ffb5ccd0000 - 0x00007ffb5cd45000 	C:\Users\Morty Tang\Desktop\Physics\杂物\PCL\.minecraft\versions\Everything Tinkering\Everything Tinkering-natives\lwjgl.dll
0x00007ffb5bb00000 - 0x00007ffb5bb61000 	C:\Users\Morty Tang\Desktop\Physics\杂物\PCL\.minecraft\versions\Everything Tinkering\Everything Tinkering-natives\glfw.dll
0x00007ffb67100000 - 0x00007ffb67144000 	C:\Windows\SYSTEM32\dinput8.dll
0x00007ffbe0650000 - 0x00007ffbe0661000 	C:\Windows\SYSTEM32\xinput1_4.dll
0x00007ffbe6f50000 - 0x00007ffbe6f79000 	C:\Windows\SYSTEM32\DEVOBJ.dll
0x00007ffbe5170000 - 0x00007ffbe519e000 	C:\Windows\SYSTEM32\dwmapi.dll
0x00007ffbe7a30000 - 0x00007ffbe7c46000 	C:\Windows\System32\CRYPT32.dll
0x00007ffbe72f0000 - 0x00007ffbe7302000 	C:\Windows\System32\MSASN1.dll
0x00007ffbd6650000 - 0x00007ffbd671d000 	C:\Windows\SYSTEM32\inputhost.dll
0x00007ffbe3980000 - 0x00007ffbe3a61000 	C:\Windows\SYSTEM32\CoreMessaging.dll
0x00007ffbe4e30000 - 0x00007ffbe503c000 	C:\Windows\SYSTEM32\twinapi.appcore.dll
0x00007ffbd6330000 - 0x00007ffbd6650000 	C:\Windows\SYSTEM32\CoreUIComponents.dll
0x00007ffbe2d40000 - 0x00007ffbe32fe000 	C:\Windows\SYSTEM32\d2d1.dll
0x00007ffbe2660000 - 0x00007ffbe28de000 	C:\Windows\SYSTEM32\d3d11.dll
0x00007ffbe45b0000 - 0x00007ffbe4758000 	C:\Windows\SYSTEM32\PROPSYS.dll
0x00007ffbe3d80000 - 0x00007ffbe3ed1000 	C:\Windows\SYSTEM32\wintypes.dll
0x00007ffbe5040000 - 0x00007ffbe5068000 	C:\Windows\SYSTEM32\RMCLIENT.dll
0x00007ffbe6680000 - 0x00007ffbe66b1000 	C:\Windows\SYSTEM32\ntmarta.dll
0x00007ffbeabd0000 - 0x00007ffbeac94000 	C:\Windows\System32\OLEAUT32.dll
0x00007ffbe5fa0000 - 0x00007ffbe6062000 	C:\Windows\SYSTEM32\dxgi.dll
0x00007ffbe4d60000 - 0x00007ffbe4dfc000 	C:\Windows\system32\uxtheme.dll
0x00007ffbe8590000 - 0x00007ffbe86fc000 	C:\Windows\System32\MSCTF.dll
0x00007ffb8ae80000 - 0x00007ffb8afa7000 	C:\Windows\SYSTEM32\opengl32.dll
0x00007ffb8ac30000 - 0x00007ffb8ac5c000 	C:\Windows\SYSTEM32\GLU32.dll
0x00007ffb45e70000 - 0x00007ffb46b88000 	C:\Windows\SYSTEM32\ig8icd64.dll
0x00007ffbd4760000 - 0x00007ffbd519f000 	C:\Windows\SYSTEM32\igdusc64.dll
0x00007ffbe5af0000 - 0x00007ffbe5b03000 	C:\Windows\SYSTEM32\WTSAPI32.dll
0x00007ffbe6e00000 - 0x00007ffbe6e2c000 	C:\Windows\SYSTEM32\ncrypt.dll
0x00007ffbe3c80000 - 0x00007ffbe3d0c000 	C:\Windows\SYSTEM32\apphelp.dll
0x00007ffbe6dc0000 - 0x00007ffbe6dfc000 	C:\Windows\SYSTEM32\NTASN1.dll
0x00007ffb405f0000 - 0x00007ffb40849000 	C:\Users\Morty Tang\Desktop\Physics\杂物\PCL\.minecraft\versions\Everything Tinkering\Everything Tinkering-natives\jemalloc.dll
0x00007ffbd6720000 - 0x00007ffbd67b3000 	C:\Windows\System32\TextInputFramework.dll
0x00007ffbde9f0000 - 0x00007ffbdea5c000 	C:\Windows\system32\Oleacc.dll
0x00007ffb5f5b0000 - 0x00007ffb5f60d000 	C:\Users\Morty Tang\Desktop\Physics\杂物\PCL\.minecraft\versions\Everything Tinkering\Everything Tinkering-natives\lwjgl_opengl.dll
0x00007ffb53990000 - 0x00007ffb53a11000 	C:\Users\Morty Tang\Desktop\Physics\杂物\PCL\.minecraft\versions\Everything Tinkering\Everything Tinkering-natives\lwjgl_stb.dll
0x00007ffbd7a40000 - 0x00007ffbd7a8e000 	C:\Windows\SYSTEM32\pdh.dll
0x00007ffbe2160000 - 0x00007ffbe216f000 	C:\Windows\System32\perfproc.dll
0x00007ffbd2480000 - 0x00007ffbd248e000 	C:\Windows\System32\perfos.dll
0x00007ffbe65f0000 - 0x00007ffbe6623000 	C:\Windows\system32\rsaenh.dll
0x00007ffbe71f0000 - 0x00007ffbe7219000 	C:\Windows\SYSTEM32\USERENV.dll
0x00007ffbe6d00000 - 0x00007ffbe6d0c000 	C:\Windows\SYSTEM32\CRYPTBASE.dll
0x00007ffbe01f0000 - 0x00007ffbe0206000 	C:\Windows\SYSTEM32\dhcpcsvc6.DLL
0x00007ffbe05c0000 - 0x00007ffbe05dc000 	C:\Windows\SYSTEM32\dhcpcsvc.DLL
0x00007ffbd1280000 - 0x00007ffbd128e000 	C:\Users\Morty Tang\AppData\Roaming\.minecraft\runtime\java-runtime-gamma-snapshot\bin\sunmscapi.dll
0x00007ffbd9e50000 - 0x00007ffbd9e57000 	C:\Windows\system32\wshunix.dll
0x00007ffbd0110000 - 0x00007ffbd0119000 	C:\Users\Morty Tang\AppData\Roaming\.minecraft\runtime\java-runtime-gamma-snapshot\bin\extnet.dll
0x00007ffb66120000 - 0x00007ffb66160000 	C:\Users\Morty Tang\Desktop\Physics\杂物\PCL\.minecraft\versions\Everything Tinkering\Everything Tinkering-natives\jna8374236993002919949.dll
0x00007ffbeb0b0000 - 0x00007ffbeb207000 	C:\Windows\System32\Ole32.dll
0x00007ffbead70000 - 0x00007ffbeae18000 	C:\Windows\System32\clbcatq.dll
0x00007ffbdcc80000 - 0x00007ffbdce5b000 	C:\Windows\system32\urlmon.dll
0x00007ffbdb4f0000 - 0x00007ffbdb79d000 	C:\Windows\SYSTEM32\iertutil.dll
0x00007ffbdba30000 - 0x00007ffbdba56000 	C:\Windows\SYSTEM32\srvcli.dll
0x00007ffbe68d0000 - 0x00007ffbe68de000 	C:\Windows\SYSTEM32\netutils.dll
0x00007ffbcfd10000 - 0x00007ffbcfdbd000 	C:\Windows\SYSTEM32\mscms.dll
0x00007ffbcf7e0000 - 0x00007ffbcf7f0000 	C:\Windows\SYSTEM32\ColorAdapterClient.dll
0x00007ffbbc4d0000 - 0x00007ffbbc515000 	C:\Windows\SYSTEM32\icm32.dll
0x00007ffb3fd90000 - 0x00007ffb3ff27000 	C:\Users\Morty Tang\Desktop\Physics\杂物\PCL\.minecraft\versions\Everything Tinkering\Everything Tinkering-natives\OpenAL.dll
0x00007ffbdf560000 - 0x00007ffbdf5d0000 	C:\Windows\System32\MMDevApi.dll
0x00007ffb3fc10000 - 0x00007ffb3fd90000 	C:\Windows\System32\Speech\Common\sapi.dll
0x00007ffbe7760000 - 0x00007ffbe77c1000 	C:\Windows\System32\WINTRUST.dll
0x00007ffbd9df0000 - 0x00007ffbd9e0c000 	C:\Windows\SYSTEM32\MSACM32.dll
0x00007ffbdd810000 - 0x00007ffbdd81b000 	C:\Windows\SYSTEM32\msdmo.dll
0x00007ffbddb20000 - 0x00007ffbddc6a000 	C:\Windows\SYSTEM32\AUDIOSES.DLL
0x00007ffbe22a0000 - 0x00007ffbe22aa000 	C:\Windows\SYSTEM32\AVRT.dll
0x00007ffbe5070000 - 0x00007ffbe5084000 	C:\Windows\SYSTEM32\resourcepolicyclient.dll
0x00007ffb40310000 - 0x00007ffb404a0000 	C:\Users\Morty Tang\AppData\Roaming\.minecraft\runtime\java-runtime-gamma-snapshot\bin\awt.dll

dbghelp: loaded successfully - version: 4.0.5 - missing functions: none
symbol engine: initialized successfully - sym options: 0x614 - pdb path: .;C:\Users\Morty Tang\AppData\Roaming\.minecraft\runtime\java-runtime-gamma-snapshot\bin;C:\Windows\SYSTEM32;C:\Windows\WinSxS\amd64_microsoft.windows.common-controls_6595b64144ccf1df_6.0.17763.7558_none_de72385c534a79ad;C:\Users\Morty Tang\AppData\Roaming\.minecraft\runtime\java-runtime-gamma-snapshot\bin\server;C:\Users\Morty Tang\AppData\Roaming\PCL;C:\Users\Morty Tang\Desktop\Physics\杂物\PCL\.minecraft\versions\Everything Tinkering\Everything Tinkering-nativ;C:\Users\Morty Tang\Desktop\Physics\杂物\PCL\.minecraft\versions\Everything Tinkering\Everything Tinkering-nat;C:\Users\Morty Tang\Desktop\Physics\杂物\PCL\.minecraft\versions\Everything Tinkering\Everything Tinkering-n;C:\Users\Morty Tang\Desktop\Physics\杂物\PCL\.minecraft\versions\Everything Tinkering\Everything Tinkering;C:\Users\Morty Tang\Desktop\Physics\杂物\PCL\.minecraft\versions\Everything Tinkering\Everything Tinkeri;C:\Users\Morty Tang\Desktop\Physics\杂物\PCL\.minecraft\versions\Everything Tinkering\Everything Tinke;C:\Users\Morty Tang\Desktop\Physics\杂物\PCL\.minecraft\versions\Everything Tinkering\Everything Tinkering-natives;C:\Windows\System32;C:\Windows\System32

VM Arguments:
jvm_args: -XX:+UseG1GC -XX:-UseAdaptiveSizePolicy -XX:-OmitStackTraceInFastThrow -Djdk.lang.Process.allowAmbiguousCommands=true -Dfml.ignoreInvalidMinecraftCertificates=True -Dfml.ignorePatchDiscrepancies=True -Dlog4j2.formatMsgNoLookups=true -XX:HeapDumpPath=MojangTricksIntelDriversForPerformance_javaw.exe_minecraft.exe.heapdump -Djava.library.path=C:\Users\Morty Tang\Desktop\Physics\杂物\PCL\.minecraft\versions\Everything Tinkering\Everything Tinkering-natives -Djna.tmpdir=C:\Users\Morty Tang\Desktop\Physics\杂物\PCL\.minecraft\versions\Everything Tinkering\Everything Tinkering-natives -Dorg.lwjgl.system.SharedLibraryExtractPath=C:\Users\Morty Tang\Desktop\Physics\杂物\PCL\.minecraft\versions\Everything Tinkering\Everything Tinkering-natives -Dio.netty.native.workdir=C:\Users\Morty Tang\Desktop\Physics\杂物\PCL\.minecraft\versions\Everything Tinkering\Everything Tinkering-natives -Dminecraft.launcher.brand=PCL -Dminecraft.launcher.version=357 -Djava.net.preferIPv6Addresses=system -DignoreList=bootstraplauncher,securejarhandler,asm-commons,asm-util,asm-analysis,asm-tree,asm,JarJarFileSystems,events-47.2.2.jar,core-47.2.2.jar,language-java,language-lowcode,language-minecraft,client-extra,forge-,Everything Tinkering.jar -DmergeModules=jna-5.10.0.jar,jna-platform-5.10.0.jar -Dfml.pluginLayerLibraries=core-47.2.2.jar,language-java-47.2.2.jar,language-lowcode-47.2.2.jar,language-minecraft-47.2.2.jar -Dfml.gameLayerLibraries=events-47.2.2.jar -DlibraryDirectory=C:\Users\Morty Tang\Desktop\Physics\杂物\PCL\.minecraft\libraries --module-path=C:\Users\Morty Tang\Desktop\Physics\杂物\PCL\.minecraft\libraries/cpw/mods/bootstraplauncher/1.1.2/bootstraplauncher-1.1.2.jar;C:\Users\Morty Tang\Desktop\Physics\杂物\PCL\.minecraft\libraries/cpw/mods/securejarhandler/2.1.10/securejarhandler-2.1.10.jar;C:\Users\Morty Tang\Desktop\Physics\杂物\PCL\.minecraft\libraries/org/ow2/asm/asm-commons/9.5/asm-commons-9.5.jar;C:\Users\Morty Tang\Desktop\Physics\杂物\PCL\.minecraft\libraries/org/ow2/asm/asm-util/9.5/asm-util-9.5.jar;C:\Users\Morty Tang\Desktop\Physics\杂物\PCL\.minecraft\libraries/org/ow2/asm/asm-analysis/9.5/asm-analysis-9.5.jar;C:\Users\Morty Tang\Desktop\Physics\杂物\PCL\.minecraft\libraries/org/ow2/asm/asm-tree/9.5/asm-tree-9.5.jar;C:\Users\Morty Tang\Desktop\Physics\杂物\PCL\.minecraft\libraries/org/ow2/asm/asm/9.5/asm-9.5.jar;C:\Users\Morty Tang\Desktop\Physics\杂物\PCL\.minecraft\libraries/net/minecraftforge/JarJarFileSystems/0.3.19/JarJarFileSystems-0.3.19.jar --add-modules=ALL-MODULE-PATH --add-opens=java.base/java.util.jar=cpw.mods.securejarhandler --add-opens=java.base/java.lang.invoke=cpw.mods.securejarhandler --add-exports=java.base/sun.security.util=cpw.mods.securejarhandler --add-exports=jdk.naming.dns/com.sun.jndi.dns=java.naming -Xmn491m -Xmx3276m --add-exports=cpw.mods.bootstraplauncher/cpw.mods.bootstraplauncher=ALL-UNNAMED -Doolloo.jlw.tmpdir=C:\Users\Morty Tang\AppData\Roaming\PCL 
java_command: C:\Users\Morty Tang\AppData\Roaming\PCL\JavaWrapper.jar cpw.mods.bootstraplauncher.BootstrapLauncher --username Morty --version Everything Tinkering --gameDir C:\Users\Morty Tang\Desktop\Physics\杂物\PCL\.minecraft\versions\Everything Tinkering --assetsDir C:\Users\Morty Tang\Desktop\Physics\杂物\PCL\.minecraft\assets --assetIndex 5 --uuid 0000000000003005998F5030983141B7 --accessToken 0000000000003005998F5030983141B7 --clientId ${clientid} --xuid ${auth_xuid} --userType msa --versionType PCL --width 875 --height 540 --launchTarget forgeclient --fml.forgeVersion 47.1.106 --fml.fmlVersion 47.2.2 --fml.mcVersion 1.20.1 --fml.mcpVersion 20230612.114412 -Dstdout.encoding=UTF-8 -Dstderr.encoding=UTF-8
java_class_path (initial): C:\Users\Morty Tang\AppData\Roaming\PCL\JavaWrapper.jar
Launcher Type: SUN_STANDARD

[Global flags]
     intx CICompilerCount                          = 3                                         {product} {ergonomic}
     uint ConcGCThreads                            = 1                                         {product} {ergonomic}
     uint G1ConcRefinementThreads                  = 4                                         {product} {ergonomic}
   size_t G1HeapRegionSize                         = 2097152                                   {product} {ergonomic}
    uintx GCDrainStackTargetSize                   = 64                                        {product} {ergonomic}
    ccstr HeapDumpPath                             = MojangTricksIntelDriversForPerformance_javaw.exe_minecraft.exe.heapdump         {manageable} {command line}
   size_t InitialHeapSize                          = 522190848                                 {product} {ergonomic}
   size_t MarkStackSize                            = 4194304                                   {product} {ergonomic}
   size_t MaxHeapSize                              = 3435134976                                {product} {command line}
   size_t MaxNewSize                               = 513802240                                 {product} {command line, ergonomic}
   size_t MinHeapDeltaBytes                        = 2097152                                   {product} {ergonomic}
   size_t MinHeapSize                              = 522190848                                 {product} {ergonomic}
   size_t NewSize                                  = 514850816                                 {product} {command line}
    uintx NonNMethodCodeHeapSize                   = 5832780                                {pd product} {ergonomic}
    uintx NonProfiledCodeHeapSize                  = 122912730                              {pd product} {ergonomic}
     bool OmitStackTraceInFastThrow                = false                                     {product} {command line}
    uintx ProfiledCodeHeapSize                     = 122912730                              {pd product} {ergonomic}
    uintx ReservedCodeCacheSize                    = 251658240                              {pd product} {ergonomic}
     bool SegmentedCodeCache                       = true                                      {product} {ergonomic}
   size_t SoftMaxHeapSize                          = 3435134976                             {manageable} {ergonomic}
     bool UseAdaptiveSizePolicy                    = false                                     {product} {command line}
     bool UseCompressedClassPointers               = true                           {product lp64_product} {ergonomic}
     bool UseCompressedOops                        = true                           {product lp64_product} {ergonomic}
     bool UseG1GC                                  = true                                      {product} {command line}
     bool UseLargePagesIndividualAllocation        = false                                  {pd product} {ergonomic}

Logging:
Log output configuration:
 #0: stdout all=warning uptime,level,tags
 #1: stderr all=off uptime,level,tags

Environment Variables:
PATH=C:\Windows\system32;C:\Windows;C:\Windows\System32\Wbem;C:\Windows\System32\WindowsPowerShell\v1.0\;C:\Windows\System32\OpenSSH\;C:\Program Files\dotnet\;C:\Program Files\Microsoft SQL Server\150\Tools\Binn\;C:\Program Files\Microsoft SQL Server\Client SDK\ODBC\170\Tools\Binn\;C:\Program Files (x86)\Windows Kits\10\Windows Performance Toolkit\;C:\Program Files\Git\cmd;C:\Users\Morty Tang\AppData\Local\Programs\Python\Launcher\;C:\Users\Morty Tang\AppData\Local\Microsoft\WindowsApps;C:\Users\Morty Tang\.dotnet\tools;C:\Users\Morty Tang\AppData\Local\Programs\Microsoft VS Code\bin;C:\Users\Morty Tang\AppData\Roaming\.minecraft\runtime\java-runtime-gamma-snapshot\bin\
USERNAME=Morty Tang
OS=Windows_NT
PROCESSOR_IDENTIFIER=Intel64 Family 6 Model 61 Stepping 4, GenuineIntel
TMP=C:\Users\MORTYT~1\AppData\Local\Temp
TEMP=C:\Users\MORTYT~1\AppData\Local\Temp



Periodic native trim disabled


---------------  S Y S T E M  ---------------

OS:
 Windows 10 , 64 bit Build 17763 (10.0.17763.7009)
OS uptime: 4 days 21:30 hours

CPU: total 4 (initial active 4) (2 cores per cpu, 2 threads per core) family 6 model 61 stepping 4 microcode 0x2b, cx8, cmov, fxsr, ht, mmx, 3dnowpref, sse, sse2, sse3, ssse3, sse4.1, sse4.2, popcnt, lzcnt, tsc, tscinvbit, avx, avx2, aes, erms, clmul, bmi1, bmi2, rtm, adx, fma, vzeroupper, clflush
Processor Information for the first 4 processors :
  Max Mhz: 2594, Current Mhz: 2594, Mhz Limit: 492

Memory: 4k page, system-wide physical 7872M (423M free)
TotalPageFile size 18042M (AvailPageFile size 6M)
current process WorkingSet (physical memory assigned to process): 2343M, peak: 3317M
current process commit charge ("private bytes"): 3995M, peak: 4043M

vm_info: OpenJDK 64-Bit Server VM (17.0.15+6-LTS) for windows-amd64 JRE (17.0.15+6-LTS), built on Apr  9 2025 22:27:25 by "MicrosoftCorporation" with unknown MS VC++:1939

END.
